date,open,high,low,close,volume,dividend,split
2012-01-02,239.45,240.5,237.05,239.25,162207,0,1
2012-01-03,242.25,247.15,241.4,247,200789,0,1
2012-01-04,248.2,248.2,245.2,245.2,189183,0,1
2012-01-05,245.75,246.95,244.65,245.4,220482,0,1
2012-01-06,244.9,245.5,238.4,241.9,326128,0,1
2012-01-09,240,240.65,236.4,238.95,247409,0,1
2012-01-10,240.3,244.1,240.1,243.7,232200,0,1
2012-01-11,243.55,244,241.25,242.55,254551,0,1
2012-01-12,243.2,244.4,240.65,244,278477,0,1
2012-01-13,244.45,247.5,243.8,246.7,204611,0,1
2012-01-16,245.05,245.3,241.5,243.85,243767,0,1
2012-01-17,246.35,249.5,246.25,249.5,242474,0,1
2012-01-18,248.6,249.9,247.6,248.85,223139,0,1
2012-01-19,252.1,253,250.65,252.5,218447,0,1
2012-01-20,253.5,258.95,253.15,257.2,236313,0,1
2012-01-25,258.75,262.15,257.95,259.55,269540,0,1
2012-01-26,260,260.25,258.5,260,168526,0,1
2012-01-27,259,260.9,258.4,260.2,208941,0,1
2012-01-30,258.5,259.35,256.25,257.25,251960,0,1
2012-01-31,257.5,259.6,255.9,258.25,301919,0,1
2012-02-01,256.9,260.3,256.2,258.25,300432,0,1
2012-02-02,261.35,263.25,261.1,262,240550,0,1
2012-02-03,261.55,261.85,258.95,260.45,212000,0,1
2012-02-06,263.35,263.4,259.4,260.35,264703,0,1
2012-02-07,260.9,262.1,260.2,261.1,232671,0,1
2012-02-08,261.15,264.3,261.15,264.1,241737,0,1
2012-02-09,263.65,265.45,260.15,265,340161,0,1
2012-02-10,264.9,264.9,260.95,262.05,204405,0,1
2012-02-13,262.95,264.95,262.05,263.5,222113,0,1
2012-02-14,262.4,263.75,262,263.05,207502,0,1
2012-02-15,264,267.15,263.95,266.35,249350,0,1
2012-02-16,263.55,264.7,262.6,262.7,234520,0,1
2012-02-17,266.75,267.75,265.8,267.3,187603,0,1
2012-02-20,269.3,270.3,267.15,267.2,193197,0,1
2012-02-21,266.2,268.15,264.6,267.45,286138,0,1
2012-02-22,266.95,267.6,265.4,267.25,199115,0,1
2012-02-23,265.55,265.85,263.6,264.35,180009,0,1
2012-02-24,264.3,266.35,263.05,266.1,241792,0,1
2012-02-27,265.3,265.55,261.5,262.2,242861,0,1
2012-02-28,263.15,264.7,262.55,264.65,189109,0,1
2012-02-29,265.9,268.25,265.5,267.25,222065,0,1
2012-03-02,269.3,269.7,267.6,267.95,182377,0,1
2012-03-05,266.9,267.35,264.35,265.2,208327,0,1
2012-03-06,265.6,266.3,261.3,262.8,295822,0,1
2012-03-07,259.6,261.2,258.3,260.5,266078,0,1
2012-03-08,261,263.35,259.65,262.85,297331,0,1
2012-03-09,267.35,269.05,265.35,267.55,196575,0,1
2012-03-12,268.4,268.5,265.7,266.2,167978,0,1
2012-03-13,267.55,270.8,267.3,270.2,209628,0,1
2012-03-14,273.5,274.6,272.45,272.85,197395,0,1
2012-03-15,272.75,273.75,271.95,272.75,182957,0,1
2012-03-16,273.7,274.35,271.3,271.5,171033,0,1
2012-03-19,272.4,273.75,271.1,273.05,185871,0,1
2012-03-20,272.25,274.1,270.85,271.9,202389,0,1
2012-03-21,270.1,271.8,268.7,270.3,231417,0,1
2012-03-22,270.05,270.85,268.8,270.55,223313,0,1
2012-03-23,268.75,270.35,268.15,269.7,162389,0,1
2012-03-26,271.3,272.35,268.75,269.8,214564,0,1
2012-03-27,273,273.25,271.35,273,175312,0,1
2012-03-28,271.65,272.45,271.25,271.8,146538,0,1
2012-03-29,269.9,270.65,268.2,268.8,167389,0,1
2012-03-30,268.45,268.9,267.15,267.75,198577,0,1
2012-04-02,269.85,270.75,268.25,270.4,215940,0,1
2012-04-03,272,274.35,271.55,273.95,219835,0,1
2012-04-04,273.5,273.85,270.65,270.85,185821,0,1
2012-04-05,269.5,272,267.5,272,301576,0,1
2012-04-06,271.5,272.1,270.55,271.65,212811,0,1
2012-04-09,268.1,268.8,266.8,267.3,188235,0,1
2012-04-10,267.45,269.25,266.6,267.45,269761,0,1
2012-04-12,266,266,262.8,264.55,273098,0,1
2012-04-13,267,268.7,266.25,268.15,228219,0,1
2012-04-16,265.3,266.3,264.2,265.55,201187,0,1
2012-04-17,265.15,266.15,264,264.9,187508,0,1
2012-04-18,268.85,268.85,267.05,267.5,168918,0,1
2012-04-19,266.5,267.9,266.1,266.6,186795,0,1
2012-04-20,264.8,265.1,262.5,263.05,176022,0,1
2012-04-23,262.55,263.75,261.45,262.85,209918,0,1
2012-04-24,260.55,262.6,259.95,261.3,268341,0,1
2012-04-25,263.5,263.6,261.3,261.5,223196,0,1
2012-04-26,263.45,263.75,261.1,262.15,215024,0,1
2012-04-27,263,264.9,262.75,263.85,233674,0,1
2012-04-30,265.55,266.1,264.4,265.1,170628,0,1
2012-05-02,266.55,267.35,265.9,267.35,201458,0,1
2012-05-03,266.9,266.95,266.2,266.95,109754,0,1
2012-05-04,265.3,265.85,264.35,265,149648,0,1
2012-05-07,260.15,260.8,259.45,259.55,197526,0,1
2012-05-08,261,261.9,260.7,261.9,144661,0,1
2012-05-09,260.65,260.9,258.95,259.45,183656,0,1
2012-05-10,258.4,259.25,257.3,258.15,258379,0,1
2012-05-11,257.3,257.35,253.5,253.5,208632,0,1
2012-05-14,253.6,254.8,252.65,254.6,234276,0,1
2012-05-15,252.6,253.45,250.6,252.4,263344,0,1
2012-05-16,250.5,250.75,242.1,242.1,362757,0,1
2012-05-17,243.35,245.95,242.9,244.95,326844,0,1
2012-05-18,240.3,240.35,235.05,236.45,364301,0,1
2012-05-21,238.1,239.15,237.05,238.05,265402,0,1
2012-05-22,241.8,242.6,240.15,242.05,245315,0,1
2012-05-23,240.3,240.85,237.45,240.15,288351,0,1
2012-05-24,239.2,240.65,237.85,240.35,272734,0,1
2012-05-25,240.55,242.65,239.9,241.2,253088,0,1
2012-05-29,240.9,245.7,240.25,245.15,250291,0,1
2012-05-30,243.85,244.35,241.7,243.55,242605,0,1
2012-05-31,241,243.4,239.35,243,271549,0,1
2012-06-01,241.5,243.45,240.15,242.95,319506,0,1
2012-06-04,235.1,237.4,234.9,236.75,317234,0,1
2012-06-05,238.8,239.85,237.85,239.5,233460,0,1
2012-06-07,243.8,246.3,243.7,245.6,244770,0,1
2012-06-08,246.3,246.45,243.6,243.95,257588,0,1
2012-06-11,248.3,248.65,247.55,248.5,178794,0,1
2012-06-12,244,246.95,244,246.4,250000,0,1
2012-06-13,248.1,248.15,245.75,247.5,252728,0,1
2012-06-14,246.5,247.75,246.3,247.3,212537,0,1
2012-06-15,249.85,250,246.7,248.9,206488,0,1
2012-06-18,253.2,255,253,254,209485,0,1
2012-06-19,252.5,253.9,252,253.9,178509,0,1
2012-06-20,255.5,255.9,254.05,254.55,151236,0,1
2012-06-21,253.5,254.55,251.6,252.7,218619,0,1
2012-06-22,249,249.5,244.65,244.95,308724,0,1
2012-06-25,244,244.6,240.1,241.4,291493,0,1
2012-06-26,240.6,241.85,239.8,240.2,228105,0,1
2012-06-27,239.9,241.05,237.25,240.5,252573,0,1
2012-06-28,241,241.95,238.75,240.9,257071,0,1
2012-06-29,238.95,246,238.1,245.7,316984,0,1
2012-07-02,247.5,247.5,245.25,245.7,218654,0,1
2012-07-03,246.4,248.35,246.2,247.55,235886,0,1
2012-07-04,248.65,249.8,248.15,248.4,200414,0,1
2012-07-05,247.8,248.9,247.15,248.45,195649,0,1
2012-07-06,248.85,249,244.7,245.5,292485,0,1
2012-07-09,243.05,243.85,242.15,242.45,257420,0,1
2012-07-10,243.25,244.1,240.9,242,267133,0,1
2012-07-11,241,241.5,239.65,240.9,249551,0,1
2012-07-12,241.45,241.7,235.75,236.2,381412,0,1
2012-07-13,236.8,240.2,234.45,238.7,288540,0,1
2012-07-16,239.85,240.5,238.05,240.05,196769,0,1
2012-07-17,238.8,242.9,237.45,240.9,308147,0,1
2012-07-18,241.05,241.65,235.85,237.3,350043,0,1
2012-07-19,240.6,242.4,239.7,241.55,269916,0,1
2012-07-20,241.25,242,240.2,241.2,180623,0,1
2012-07-23,237.5,237.9,234.45,235.9,284608,0,1
2012-07-24,235.75,237.25,235.2,236.8,206450,0,1
2012-07-25,232.35,236.15,231.65,234.5,300194,0,1
2012-07-26,234.3,236.3,233.2,235.95,263006,0,1
2012-07-27,240.5,242.9,239.2,242.55,223747,0,1
2012-07-30,244.95,245.6,244.4,244.5,171273,0,1
2012-07-31,245.25,253.6,244.65,250.45,381119,0,1
2012-08-01,248.8,251.75,248.5,250.9,258891,0,1
2012-08-02,251.5,251.5,248.3,249.05,248601,0,1
2012-08-03,245.8,248.25,245,246.05,277461,0,1
2012-08-06,250.65,252.7,250.5,251.5,224815,0,1
2012-08-07,251.1,252.05,250.3,251.5,175261,0,1
2012-08-08,252.3,256.55,252.2,254.05,294667,0,1
2012-08-09,254.45,260.8,254.25,260.2,381210,0,1
2012-08-10,259.35,260.55,258.7,260.2,176696,0,1
2012-08-13,259.8,260.15,258.1,258.55,167497,0,1
2012-08-14,259.35,261.9,259.05,261,256913,0,1
2012-08-16,261,261.95,260.1,261.25,163104,0,1
2012-08-17,262.1,262.55,258.85,260.2,205064,0,1
2012-08-20,259.75,260.25,258.2,259.4,232556,0,1
2012-08-21,260.8,261.8,258.75,259.05,194963,0,1
2012-08-22,258.5,259.5,255.15,256.55,232771,0,1
2012-08-23,257.6,258.75,255.95,258.5,220334,0,1
2012-08-24,255.5,256,254.3,254.85,187874,0,1
2012-08-27,252.05,255.45,252,254.6,238350,0,1
2012-08-28,254.2,255.2,252.55,253.55,235821,0,1
2012-08-29,254,255.15,253.4,254.8,149257,0,1
2012-08-30,253.8,254.05,249.8,250.5,239422,0,1
2012-08-31,249.95,251.95,249.65,250.1,193473,0,1
2012-09-03,250.35,253.1,247.3,251.15,328414,0,1
2012-09-04,250.95,251.9,250.3,250.7,204769,0,1
2012-09-05,248.7,249.1,245.35,245.35,240840,0,1
2012-09-06,246.35,248,245.45,246.25,226183,0,1
2012-09-07,251.65,254.35,251.55,254.2,248368,0,1
2012-09-10,255,255.45,253.3,253.65,194397,0,1
2012-09-11,252.6,253.4,251.4,252.8,206732,0,1
2012-09-12,254.3,257.55,253.85,256.95,277287,0,1
2012-09-13,256.5,257.65,254.4,256.6,299933,0,1
2012-09-14,265,268.05,265,266.6,189832,0,1
2012-09-17,266.5,267.35,265.5,265.95,155980,0,1
2012-09-18,265.9,266.6,264.75,266.2,151126,0,1
2012-09-19,265.7,267.95,264.8,267,203591,0,1
2012-09-20,264.85,266.25,263.9,264.35,224407,0,1
2012-09-21,266.05,266.55,264.55,265.05,177567,0,1
2012-09-24,264.3,265.75,261.75,265.4,256550,0,1
2012-09-25,264.05,265.65,263.8,264.55,179152,0,1
2012-09-26,261.7,263,260.45,262.35,164558,0,1
2012-09-27,260.6,264.5,260.6,264.25,206496,0,1
2012-09-28,264.65,265.05,263.3,264.2,162515,0,1
2012-10-02,263.8,265.2,263.7,263.7,97266,0,1
2012-10-04,264.3,264.85,261.8,263.85,249597,0,1
2012-10-05,265.05,265.9,263.7,264.1,165360,0,1
2012-10-08,263.5,263.7,261.2,262.15,174647,0,1
2012-10-09,261.8,263.7,261.65,262,207031,0,1
2012-10-10,259,259.2,256.5,256.7,226696,0,1
2012-10-11,254.2,256.5,252.05,254.25,366088,0,1
2012-10-12,254.65,255.2,252.85,253.4,161268,0,1
2012-10-15,252.6,254.65,251.9,253.1,184304,0,1
2012-10-16,255.15,255.5,253.8,255.1,151060,0,1
2012-10-17,256.5,258.75,256.35,257.3,203143,0,1
2012-10-18,258.15,258.95,257.55,258.6,157424,0,1
2012-10-19,258,258.45,255.65,255.75,176440,0,1
2012-10-22,251.15,255.6,250.85,255.55,247480,0,1
2012-10-23,255.45,255.8,252.7,252.7,165610,0,1
2012-10-24,250.85,252.35,249.55,250.45,252885,0,1
2012-10-25,249.55,253.05,249.2,253,218351,0,1
2012-10-26,251.4,251.95,247.55,247.9,258023,0,1
2012-10-29,249.15,249.9,247.95,248.9,173774,0,1
2012-10-30,248.9,251.85,248.5,249.65,241916,0,1
2012-10-31,251.3,252.15,250.55,250.55,161642,0,1
2012-11-01,249.05,249.75,247.15,248.75,250864,0,1
2012-11-02,251.65,252.2,250.95,251.7,169354,0,1
2012-11-05,249.95,251.35,249.75,250.25,165649,0,1
2012-11-06,250.45,253.2,250.1,252.9,184283,0,1
2012-11-07,253.35,254.65,251.15,254.05,325532,0,1
2012-11-08,251,251.75,249.45,249.45,252299,0,1
2012-11-09,247.15,249.45,245.3,249.3,194470,0,1
2012-11-12,248.1,249.25,247.2,249.25,143117,0,1
2012-11-13,249.1,249.15,246.05,247.4,183903,0,1
2012-11-14,247.4,248.4,246.35,248.3,168092,0,1
2012-11-15,245.1,245.45,243.75,244.4,175621,0,1
2012-11-16,244,245,243.3,243.65,159698,0,1
2012-11-19,244.75,247.25,244.7,246.5,153106,0,1
2012-11-20,248.75,248.75,247.45,248.3,130331,0,1
2012-11-21,249,249.35,246.5,247.15,181245,0,1
2012-11-22,249,250.6,248.75,249.95,135451,0,1
2012-11-23,249.9,251.9,249.6,251.9,127130,0,1
2012-11-26,252.4,252.55,250.8,251.5,132367,0,1
2012-11-27,252.5,254.55,252.1,253.75,173122,0,1
2012-11-28,252.5,252.75,251.5,252.35,116010,0,1
2012-11-29,253.35,255.5,253.25,255.2,132875,0,1
2012-11-30,254.75,256.75,254.3,255.45,165927,0,1
2012-12-03,255.85,256.9,255.25,256,153419,0,1
2012-12-04,255,255.55,254.05,254.9,140672,0,1
2012-12-05,255,257.4,254.65,257.2,171016,0,1
2012-12-06,257,258.3,256.65,257.55,161919,0,1
2012-12-07,257.9,259.65,257.8,259.35,160713,0,1
2012-12-10,259.8,260.9,258.95,259.15,175876,0,1
2012-12-11,259.65,260.25,259.05,260.1,136736,0,1
2012-12-12,261.15,262,260.85,262,161184,0,1
2012-12-13,261.95,265.3,261.8,264.9,221319,0,1
2012-12-14,263.6,265.9,262.85,264.5,149199,0,1
2012-12-17,265,265.45,263.15,263.3,138853,0,1
2012-12-18,264.3,264.9,262.1,264.7,159380,0,1
2012-12-20,265.15,266.15,264.15,264.15,143522,0,1
2012-12-21,265.95,266,262.2,262.95,209415,0,1
2012-12-24,263.5,263.65,262.45,263.65,84451,0,1
2012-12-26,264.7,265.95,263.1,263.6,108735,0,1
2012-12-27,263.3,264.8,262,264.35,139230,0,1
2012-12-28,264.45,266.2,264.35,266.1,111151,0,1
2013-01-02,267.8,271.2,267.75,271.2,135205,0,1
2013-01-03,273,273.2,269.35,269.8,194515,0,1
2013-01-04,269.85,270.25,267.55,268.1,186039,0,1
2013-01-07,268.1,268.75,266.05,268.2,240444,0,1
2013-01-08,267.55,268.1,265.1,265.4,229235,0,1
2013-01-09,265.9,266.75,264.1,264.35,206833,0,1
2013-01-10,264.4,267.25,263.45,266.2,251395,0,1
2013-01-11,268.45,268.6,262.7,264.75,252772,0,1
2013-01-14,264.1,266.55,263.3,266.4,159835,0,1
2013-01-15,265.7,268.1,263.1,263.4,226067,0,1
2013-01-16,264,264.85,260.65,261.45,185632,0,1
2013-01-17,263,263.15,259.9,261.95,206063,0,1
2013-01-18,264,264.1,261.1,262.65,176178,0,1
2013-01-21,262.8,264.15,260.5,263,196430,0,1
2013-01-22,263.2,264.75,262.1,264.75,231873,0,1
2013-01-23,265.1,265.85,261.35,261.8,175480,0,1
2013-01-24,261.05,262.25,259.25,259.65,212828,0,1
2013-01-25,259.65,260.15,255.7,256.4,201864,0,1
2013-01-28,255.7,256.65,254.8,256.2,181492,0,1
2013-01-29,256.5,258.6,256,257.9,145728,0,1
2013-01-30,258.8,260.1,257.2,259.1,192821,0,1
2013-01-31,258.1,258.95,257.55,258.3,145574,0,1
2013-02-01,259,260,255.9,258.05,237191,0,1
2013-02-04,259.1,259.7,257,257,169884,0,1
2013-02-05,255,256.05,253.75,254.8,206863,0,1
2013-02-06,255.65,255.75,254.5,254.5,140011,0,1
2013-02-07,254.9,256.35,253.9,254.35,195642,0,1
2013-02-08,254,258.15,253.75,257.9,215853,0,1
2013-02-12,258,258.3,256.55,257.2,163185,0,1
2013-02-13,258,262,257.7,261.85,208032,0,1
2013-02-14,262,263.65,261.3,262.8,256468,0,1
2013-02-15,262.75,263.15,261.9,262.6,104478,0,1
2013-02-18,261.85,263.35,260.85,262.3,147328,0,1
2013-02-19,262.5,264.1,261.9,263.35,142793,0,1
2013-02-20,264.45,269.3,264.1,268.85,223150,0,1
2013-02-21,267.95,268.85,267.35,267.85,140487,0,1
2013-02-22,267.2,270.3,266.9,268.6,218683,0,1
2013-02-25,268.4,269.3,266.9,267.4,160015,0,1
2013-02-26,265.1,266.95,264.6,266.3,185101,0,1
2013-02-27,266.7,267.2,265.2,266.15,154160,0,1
2013-02-28,268,270.25,267.8,269.1,183884,0,1
2013-03-04,268.85,269.6,266.35,266.75,167740,0,1
2013-03-05,267.9,270.15,267.25,267.5,205779,0,1
2013-03-06,269.9,270.35,267.1,267.5,205103,0,1
2013-03-07,267,267.7,264.7,264.9,221800,0,1
2013-03-08,264.9,265.95,263.85,265,181724,0,1
2013-03-11,264.5,265.6,261.8,264.7,224856,0,1
2013-03-12,265.4,265.75,262.2,262.45,174219,0,1
2013-03-13,262.45,263.9,261.8,262.9,218852,0,1
2013-03-14,262.75,263.15,259.85,263.05,274083,0,1
2013-03-15,266.4,266.65,262.1,263.4,186183,0,1
2013-03-18,260.65,261.95,259.1,260.3,152110,0,1
2013-03-19,261.1,263.15,260,260.3,149992,0,1
2013-03-20,259.3,260.85,258.25,258.5,160745,0,1
2013-03-21,259.6,259.9,256.2,256.35,187079,0,1
2013-03-22,256.6,257.3,255.95,256.3,138115,0,1
2013-03-25,258.85,261.85,258.7,261.55,185586,0,1
2013-03-26,260.9,262.6,260.35,261.8,143074,0,1
2013-03-27,262.25,264.35,259.75,263.9,180947,0,1
2013-03-28,263.3,264.2,262.6,263.9,125046,0,1
2013-03-29,265.3,266.95,264.9,264.9,139328,0,1
2013-04-01,265.7,265.75,263.95,264.65,112350,0,1
2013-04-02,264.4,264.75,260.1,262.2,212822,0,1
2013-04-03,262.85,262.85,259.65,262,198465,0,1
2013-04-04,259.25,259.6,256,257.25,239144,0,1
2013-04-05,255.55,256.8,252.6,253.75,233705,0,1
2013-04-08,254.1,255.35,252.95,253.8,192064,0,1
2013-04-09,253.5,256.05,251.5,253.35,284445,0,1
2013-04-10,255,256.5,253.45,255.55,229391,0,1
2013-04-11,256.9,257.75,254.05,256.9,247340,0,1
2013-04-12,257.25,257.8,251.3,251.3,196367,0,1
2013-04-15,251.2,253.9,250.2,252.2,200090,0,1
2013-04-16,249.8,253.75,248.6,253.15,258842,0,1
2013-04-17,253.4,253.8,249.8,252.35,172577,0,1
2013-04-18,250.55,251.6,248.15,248.15,195367,0,1
2013-04-19,248.5,250.5,247.2,249.45,176561,0,1
2013-04-22,248.65,252.3,248.2,252,184102,0,1
2013-04-23,251.5,251.65,248.95,250.7,159349,0,1
2013-04-24,252.2,253.75,250.7,253.2,173607,0,1
2013-04-25,253.4,255.15,252.75,254.7,200712,0,1
2013-04-26,254.45,255.1,253.7,254.4,132640,0,1
2013-04-29,254.05,254.25,252.25,253.55,118505,0,1
2013-04-30,254.3,257.7,254.2,257.15,177521,0,1
2013-05-02,256.25,256.95,255.15,255.7,152189,0,1
2013-05-03,257,257.15,254.85,256.3,175847,0,1
2013-05-06,258.25,259.8,255.55,255.55,233651,0,1
2013-05-07,255.6,256.25,254.25,255.1,234934,0,1
2013-05-08,255.85,256.55,254.15,255.15,215837,0,1
2013-05-09,255.35,259.3,255.2,258.8,293708,0,1
2013-05-10,258.5,258.6,252.8,252.8,203088,0,1
2013-05-13,251.95,254.1,251.05,254,139687,0,1
2013-05-14,254.05,257.8,254.05,256.85,194153,0,1
2013-05-15,257.1,257.35,255.6,256.55,131251,0,1
2013-05-16,257.6,261,257.5,259.35,189871,0,1
2013-05-20,260.1,260.35,258.7,259.4,135325,0,1
2013-05-21,260.3,261.6,258.65,259.1,121855,0,1
2013-05-22,260.3,261.8,259.8,260.1,132901,0,1
2013-05-23,259.1,260.05,256.75,257.15,217040,0,1
2013-05-24,258.55,258.7,255.85,257.8,178900,0,1
2013-05-27,257,259.55,256.7,258.7,166508,0,1
2013-05-28,259.1,260.35,257.85,259.7,165289,0,1
2013-05-29,260.25,262.7,259.85,261.55,197094,0,1
2013-05-30,261.5,262.9,261.15,261.85,186614,0,1
2013-05-31,262.55,263.9,262.1,262.3,181707,0,1
2013-06-03,261.2,262.15,260.7,261.3,166514,0,1
2013-06-04,262.35,262.35,259.05,260.85,211861,0,1
2013-06-05,260.5,260.75,256.55,256.55,219841,0,1
2013-06-07,256.05,256.6,250.45,251.1,303191,0,1
2013-06-10,251.4,252.7,250.65,252.7,171939,0,1
2013-06-11,252.5,252.55,248.7,250.75,262599,0,1
2013-06-12,249.45,250.45,247.9,248.85,206036,0,1
2013-06-13,247.6,248.3,244.4,245.55,291529,0,1
2013-06-14,247.3,247.65,245.05,245.85,177123,0,1
2013-06-17,246.5,248.1,245.25,246.5,170100,0,1
2013-06-18,246.5,247.8,244.65,247.7,195107,0,1
2013-06-19,247.85,247.85,245.55,246.7,148213,0,1
2013-06-20,244,244.05,240.15,240.35,206109,0,1
2013-06-21,235.75,237.35,234.55,236.65,231308,0,1
2013-06-24,237,237.05,233.6,233.6,232293,0,1
2013-06-25,233.25,236.6,231.55,234.1,318729,0,1
2013-06-26,234.8,234.85,231.45,232.15,217617,0,1
2013-06-27,235.5,239.75,235.1,239.6,212222,0,1
2013-06-28,240.3,244,240.2,242,213705,0,1
2013-07-01,240.2,242.95,240.15,242.3,155949,0,1
2013-07-02,242.45,243.5,240.85,242.25,187718,0,1
2013-07-03,241.4,242.15,236.85,237.45,230851,0,1
2013-07-04,237.65,239.85,237.4,239.3,165662,0,1
2013-07-05,241.25,242.15,237.35,239.15,247302,0,1
2013-07-08,237.65,239.55,234.85,235.95,241947,0,1
2013-07-09,237.65,238.45,235.45,238.45,213099,0,1
2013-07-10,238.35,238.8,235.65,236.4,208917,0,1
2013-07-11,239.5,245.05,238.9,244.2,230111,0,1
2013-07-12,244.2,244.5,242.55,243.45,127516,0,1
2013-07-15,243.2,244.95,239.7,244.9,230545,0,1
2013-07-16,243.95,244.5,241.7,242.65,157196,0,1
2013-07-17,243.65,246.9,240.85,244.65,232299,0,1
2013-07-18,244.25,244.8,242.55,243.45,171566,0,1
2013-07-19,243.45,244.3,240.85,243,191111,0,1
2013-07-22,244.7,246.45,243,243.7,175158,0,1
2013-07-23,244.65,247.8,243.9,247.15,181568,0,1
2013-07-24,247.2,248.35,246.5,247.75,115664,0,1
2013-07-25,247.5,249.1,246.95,247.9,148950,0,1
2013-07-26,248.95,249.4,247.2,248.85,134812,0,1
2013-07-29,248.15,249,246.8,247.7,141884,0,1
2013-07-30,247.7,249.95,247.3,249.35,124939,0,1
2013-07-31,249.2,249.9,248.35,248.4,106329,0,1
2013-08-01,248.9,250.75,247.05,249.7,191406,0,1
2013-08-02,251.25,251.95,249.75,250.35,157747,0,1
2013-08-05,249.85,250.75,249.05,249.05,120377,0,1
2013-08-06,248.65,248.8,245.55,246.5,192857,0,1
2013-08-07,245,245.75,242.9,243.2,166889,0,1
2013-08-08,243.65,245.65,242.8,243.45,237714,0,1
2013-08-09,243.5,244.4,242.35,244.15,152261,0,1
2013-08-12,243.1,245.3,242.55,244.3,143170,0,1
2013-08-13,244.95,248.2,244.5,248.1,142689,0,1
2013-08-14,248.7,249.85,247.65,249.7,127604,0,1
2013-08-16,247.15,250.8,246.5,249.2,180830,0,1
2013-08-19,248.5,249.2,247.55,249.2,114005,0,1
2013-08-20,247.6,250.2,245.15,245.25,209051,0,1
2013-08-21,245.8,246,241.8,241.8,210206,0,1
2013-08-22,239.65,241.35,238.55,240.45,214707,0,1
2013-08-23,241.2,243.8,240.6,243.1,198527,0,1
2013-08-26,243.3,246.45,243.3,245.6,149202,0,1
2013-08-27,245,246.75,244.55,245.45,169593,0,1
2013-08-28,242.55,245.8,242.25,245.65,198632,0,1
2013-08-29,246,250.35,245.85,249.8,193593,0,1
2013-08-30,250.9,251.7,249.35,250.95,175342,0,1
2013-09-02,251.35,252.95,250.9,251.85,163500,0,1
2013-09-03,252.75,253.75,252.05,252.6,157173,0,1
2013-09-04,251.9,253.15,250.55,252.3,160087,0,1
2013-09-05,253.5,255.85,252.7,255.25,174495,0,1
2013-09-06,255.2,257,254.65,256.2,180015,0,1
2013-09-09,257.1,258.85,256.6,258.05,202737,0,1
2013-09-10,258.35,261.2,258.2,260.9,217565,0,1
2013-09-11,261.15,262.55,260.55,262,207003,0,1
2013-09-12,262.7,265.15,261.85,262.4,284111,0,1
2013-09-13,263,265.1,262.6,263.1,157607,0,1
2013-09-16,266.45,267.2,265.2,265.5,127949,0,1
2013-09-17,265.1,265.3,263.3,264.2,129363,0,1
2013-09-23,264.2,266.55,262.35,264.95,169185,0,1
2013-09-24,263.2,265.1,262.6,264.7,154683,0,1
2013-09-25,264.9,265.1,262.35,263.05,161521,0,1
2013-09-26,262.35,265.6,261.85,265.6,158657,0,1
2013-09-27,265.7,265.9,264.4,265.25,116959,0,1
2013-09-30,263.3,264.8,262.2,263.05,163375,0,1
2013-10-01,262.85,265.65,262.8,263.5,183205,0,1
2013-10-02,265.2,265.5,263.5,263.8,133052,0,1
2013-10-04,263.7,264.35,261.55,263.35,170836,0,1
2013-10-07,263.15,264.2,262.45,263.15,111478,0,1
2013-10-08,262.65,264.65,261.15,264.65,171649,0,1
2013-10-10,264.2,265.4,263.05,263.7,202910,0,1
2013-10-11,266,268.8,265.1,268.6,139826,0,1
2013-10-14,268.1,268.8,267.45,268.2,89301,0,1
2013-10-15,269.85,271.55,269.65,270.35,127908,0,1
2013-10-16,270.9,272.35,270.2,270.6,136214,0,1
2013-10-17,272.05,272.75,270.9,271.55,116963,0,1
2013-10-18,272.5,273.05,271.9,272.95,97845,0,1
2013-10-21,273.3,273.85,272.8,272.9,79850,0,1
2013-10-22,272.8,273.2,271.95,272.8,105432,0,1
2013-10-23,273.5,273.95,269.4,269.4,155873,0,1
2013-10-24,269.75,270.8,268.85,270.7,133980,0,1
2013-10-25,270.35,270.6,267.25,268.15,162508,0,1
2013-10-28,269.25,271.15,268.9,271,121192,0,1
2013-10-29,270.4,272.55,269.55,272,175599,0,1
2013-10-30,272.55,273.15,270.75,272.85,136931,0,1
2013-10-31,271.2,272.1,268.55,268.85,154890,0,1
2013-11-01,269.45,269.9,268.8,269.5,102944,0,1
2013-11-04,268.9,269,267,267,138462,0,1
2013-11-05,267.3,267.85,265.05,265.65,164746,0,1
2013-11-06,265.3,266.85,265.05,265.6,154573,0,1
2013-11-07,265.05,265.65,263.15,263.5,165181,0,1
2013-11-08,261.65,262.95,261.2,261.2,146982,0,1
2013-11-11,262.2,262.5,260.65,261.7,127719,0,1
2013-11-12,261.5,264.05,261.5,263.45,160829,0,1
2013-11-13,262.7,262.95,258.2,258.5,199977,0,1
2013-11-14,260.25,260.9,258.35,259.7,229588,0,1
2013-11-15,261,265.25,260.8,264.75,166215,0,1
2013-11-18,265.9,266.35,264.85,265.6,105878,0,1
2013-11-19,265,269.5,264.7,268.6,163806,0,1
2013-11-20,268.15,268.45,266,266.9,125892,0,1
2013-11-21,266.1,266.2,261.15,262.2,194637,0,1
2013-11-22,263.6,265.5,262.2,263.8,156299,0,1
2013-11-25,265.45,268.55,265.35,266.3,154444,0,1
2013-11-26,264.4,267.4,262.7,267.3,212847,0,1
2013-11-27,265.6,268.1,264.4,267.8,172857,0,1
2013-11-28,269.5,271.15,269.45,270,141477,0,1
2013-11-29,269.7,271.5,269.5,270.15,135826,0,1
2013-12-02,270.25,271.6,267.8,268.3,172457,0,1
2013-12-03,266.7,267.4,264.7,264.9,155701,0,1
2013-12-04,263.7,264.3,261.4,261.5,178141,0,1
2013-12-05,262,262.5,258.85,260.7,211815,0,1
2013-12-06,260.85,261.95,260.15,261.2,152134,0,1
2013-12-09,263.9,264.45,262.9,263.95,119290,0,1
2013-12-10,263.6,263.65,262.15,262.4,127096,0,1
2013-12-11,261.2,263.85,259.3,259.5,238867,0,1
2013-12-12,257.95,259.4,257.25,259,213917,0,1
2013-12-13,257.4,257.6,254.7,256.9,150701,0,1
2013-12-16,255.7,257.95,255.5,257.1,136630,0,1
2013-12-17,259.3,259.95,257.7,258.65,118217,0,1
2013-12-18,258.65,260.7,258.15,260,112920,0,1
2013-12-19,263.2,263.4,258.4,259.45,159602,0,1
2013-12-20,259.4,261.3,259.05,260.75,130345,0,1
2013-12-23,261.75,263.55,261.45,263.15,97347,0,1
2013-12-24,263.6,264.5,262.65,263.55,106609,0,1
2013-12-26,263.95,264.7,262.95,263.1,78447,0,1
2013-12-27,263.7,265.8,262.8,265.45,117795,0,1
2013-12-30,266.3,266.45,265.05,265.65,76380,0,1
2014-01-02,266.6,266.65,258.4,258.4,187042,0,1
2014-01-03,258.35,258.55,254,255.25,202035,0,1
2014-01-06,255.45,257.85,254.7,255.85,176363,0,1
2014-01-07,254.9,258.1,254.9,257.05,160876,0,1
2014-01-08,257.85,258.3,255.35,256.8,186928,0,1
2014-01-09,256.9,257.3,255.2,255.5,168651,0,1
2014-01-10,254.6,256.4,252.25,253.4,176198,0,1
2014-01-13,254.3,255.6,253.75,255.45,102683,0,1
2014-01-14,254.5,257.25,253.25,254.95,191011,0,1
2014-01-15,256.05,256.35,254.55,255.85,96559,0,1
2014-01-16,256.05,257.3,255.65,256.35,112632,0,1
2014-01-17,256.35,256.7,253.7,254,144730,0,1
2014-01-20,253.9,256.25,252.45,256.1,165150,0,1
2014-01-21,255.85,257.9,255.2,257.9,121139,0,1
2014-01-22,257.05,257.85,256.65,257.65,107516,0,1
2014-01-23,257.9,258.05,254.5,254.6,175187,0,1
2014-01-24,253.55,254.15,251.6,253.4,188951,0,1
2014-01-27,249.5,251.3,248.25,250.2,205710,0,1
2014-01-28,249.5,251.4,249.15,251.25,155215,0,1
2014-01-29,252.2,254.5,251.9,254.5,156256,0,1
2014-02-03,252.5,252.9,249.95,250.8,154873,0,1
2014-02-04,247.5,247.6,245.25,246.05,170670,0,1
2014-02-05,247.1,247.6,245.55,246.55,154578,0,1
2014-02-06,247.55,249.7,247.3,248.4,150484,0,1
2014-02-07,250.3,251.15,249.15,250.5,141052,0,1
2014-02-10,251.25,251.75,249.7,250.8,120352,0,1
2014-02-11,250.1,252.65,249.9,251.8,138529,0,1
2014-02-12,253,254.05,252.05,252.7,158706,0,1
2014-02-13,252.75,253.8,250.3,250.35,195968,0,1
2014-02-14,251.35,254.65,251.15,253.8,155630,0,1
2014-02-17,255.35,255.95,253.7,253.9,135209,0,1
2014-02-18,253.8,254.8,252,254,168365,0,1
2014-02-19,253.2,253.45,251.2,252.2,152486,0,1
2014-02-20,251.25,252.95,250.35,251.3,152789,0,1
2014-02-21,253.3,255.25,253.15,254.9,138164,0,1
2014-02-24,254.9,255.7,253.55,254.45,124980,0,1
2014-02-25,255.6,256.95,255.1,256.3,118149,0,1
2014-02-26,255.9,257.6,255.45,257.25,124429,0,1
2014-02-27,256.9,257.95,256.25,257.7,112902,0,1
2014-02-28,257.7,259,257.2,257.5,150404,0,1
2014-03-03,255.8,256.25,254.35,255.85,119288,0,1
2014-03-04,255.25,255.85,254.65,255.85,109078,0,1
2014-03-05,257.6,258.5,257.1,257.1,101059,0,1
2014-03-06,257.4,257.9,257.1,257.6,80374,0,1
2014-03-07,258.35,258.85,256.1,257.2,159815,0,1
2014-03-10,255.8,256,253.7,253.75,124981,0,1
2014-03-11,254.3,254.95,253.7,254.9,116067,0,1
2014-03-12,253.85,253.95,250.6,250.75,171432,0,1
2014-03-13,251.9,252.7,250.55,252.35,169444,0,1
2014-03-14,250.25,250.85,249.05,250.05,106385,0,1
2014-03-17,249.8,251.3,249.6,251.3,96058,0,1
2014-03-18,253,253.9,251.4,252.8,137968,0,1
2014-03-19,253.95,254.35,252.35,252.9,111801,0,1
2014-03-20,251.75,252,249.45,249.65,149450,0,1
2014-03-21,250.7,251.95,250.4,251.95,90466,0,1
2014-03-24,252.3,254.15,252,253.2,141164,0,1
2014-03-25,252.8,253.8,252.15,252.95,113644,0,1
2014-03-26,254.5,256.85,254.45,256.5,136084,0,1
2014-03-27,256.4,258.25,256.1,257.55,119222,0,1
2014-03-28,257.8,259.35,257.45,257.8,137618,0,1
2014-03-31,259,259.55,257.7,258.4,128463,0,1
2014-04-01,258.6,260.45,257.5,259.85,149910,0,1
2014-04-02,260.75,261,260.05,260.4,88823,0,1
2014-04-03,260.65,262.4,260.15,260.65,146299,0,1
2014-04-04,260.45,262,260.25,261.4,135959,0,1
2014-04-07,260.2,261.35,259.4,260.45,149428,0,1
2014-04-08,259.8,262.55,259.55,262.55,163819,0,1
2014-04-09,262.75,263.25,262.1,262.4,117606,0,1
2014-04-10,263.6,264.05,262.3,262.7,170478,0,1
2014-04-11,260.9,261.4,259.95,260.8,112149,0,1
2014-04-14,260.35,262.25,260.25,261.6,119989,0,1
2014-04-15,262.35,262.75,259.95,260.6,129463,0,1
2014-04-16,260.3,261.55,259.1,261.4,122491,0,1
2014-04-17,262,262.15,260.05,260.7,106156,0,1
2014-04-18,262.05,263.15,261.8,262.5,88605,0,1
2014-04-21,262.65,262.8,261.3,262.35,74136,0,1
2014-04-22,262,262.9,260.55,262.3,130467,0,1
2014-04-23,262.95,263.5,261.55,261.7,119267,0,1
2014-04-24,262.5,262.9,261.2,261.25,109257,0,1
2014-04-25,261.1,261.5,257.45,257.6,171675,0,1
2014-04-28,257.1,258.55,256.95,257.6,122558,0,1
2014-04-29,257.85,258.15,256.25,256.6,125581,0,1
2014-04-30,257.35,257.65,255.15,255.4,131442,0,1
2014-05-02,256.2,256.5,254.8,255.75,120728,0,1
2014-05-07,255.55,255.95,252.25,252.5,161470,0,1
2014-05-08,253.05,254.15,251.55,254.15,176087,0,1
2014-05-09,253.65,255,253.3,254.2,114207,0,1
2014-05-12,254.2,255.8,253.15,255.75,109562,0,1
2014-05-13,256.75,260,256.15,259.35,144425,0,1
2014-05-14,259.35,263.15,259.35,262.85,156789,0,1
2014-05-15,262.95,264.3,262.55,262.75,131262,0,1
2014-05-16,261.65,263,261.5,262.85,124095,0,1
2014-05-19,263.3,263.35,261.4,262.8,129784,0,1
2014-05-20,262.8,263.65,262.4,262.55,89990,0,1
2014-05-21,261.95,264.55,261.7,263.2,145957,0,1
2014-05-22,263.75,265.3,263.3,264.1,129022,0,1
2014-05-23,263.95,264.55,263.55,263.6,75314,0,1
2014-05-26,263.45,264.55,262.95,263.05,94518,0,1
2014-05-27,263.6,263.85,259.45,260.5,157806,0,1
2014-05-28,260.5,263.6,260.35,263.6,151022,0,1
2014-05-29,263.9,264.05,262.55,263,103403,0,1
2014-05-30,263.05,263.85,260.5,260.85,181332,0,1
2014-06-02,261.15,262.45,260.8,261.5,99450,0,1
2014-06-03,261.7,261.9,259.75,261.65,138524,0,1
2014-06-05,261.95,262.1,259.35,259.95,127695,0,1
2014-06-09,261.35,262.85,259.9,260.2,166285,0,1
2014-06-10,261.7,262.85,261,262.6,145337,0,1
2014-06-11,262.5,263.4,261.95,262.35,127604,0,1
2014-06-12,262.3,262.6,261.1,261.85,129671,0,1
2014-06-13,262.1,262.25,258.75,259.45,135958,0,1
2014-06-16,259.3,261.05,258.7,260.8,103401,0,1
2014-06-17,260.8,261.75,260.2,261.3,92613,0,1
2014-06-18,261.1,261.25,259.55,259.9,103350,0,1
2014-06-19,261.2,261.9,259.6,260.5,117643,0,1
2014-06-20,260.15,260.3,256.25,256.5,136586,0,1
2014-06-23,257.05,258.75,256.85,258.1,105047,0,1
2014-06-24,257.45,261.7,257.35,261.05,149541,0,1
2014-06-25,260.75,261.35,258.9,259.2,123306,0,1
2014-06-26,259.65,261.8,259.5,261.2,131302,0,1
2014-06-27,261,261.75,259.2,260.6,138592,0,1
2014-06-30,261.05,262.25,260.6,260.6,98973,0,1
2014-07-01,260.25,261.45,259.15,260.85,118276,0,1
2014-07-02,262.3,264,261.85,262.95,133598,0,1
2014-07-03,262.95,263.35,262.35,262.7,74330,0,1
2014-07-04,263.75,263.9,261.9,262.1,107888,0,1
2014-07-07,261.75,262.15,259.8,260.6,130366,0,1
2014-07-08,260.85,261.4,259.5,260.45,151942,0,1
2014-07-09,259.45,259.65,258.45,259.4,122945,0,1
2014-07-10,260,260.6,259.3,259.8,129897,0,1
2014-07-11,258.15,258.45,257,257.8,109239,0,1
2014-07-14,258.95,259.6,257.95,258.5,106603,0,1
2014-07-15,259.45,262.1,259.3,261.35,119011,0,1
2014-07-16,261.45,262.4,261.1,261.85,88406,0,1
2014-07-17,262.4,263.7,262.25,262.5,102604,0,1
2014-07-18,260.65,262.3,260.5,262.3,104387,0,1
2014-07-21,263.3,264.3,262.2,262.2,128507,0,1
2014-07-22,262.2,264.1,262.2,264,119854,0,1
2014-07-23,264.45,264.7,263.4,263.6,95625,0,1
2014-07-24,264,265.15,263.35,264.05,124014,0,1
2014-07-25,264.25,264.95,263.95,264.95,75641,0,1
2014-07-28,264.9,267.5,264.65,266.9,128089,0,1
2014-07-29,267.8,269.85,267.5,269.85,142622,0,1
2014-07-30,270.25,274.6,269.95,272.95,235669,0,1
2014-07-31,272.5,273.9,271.1,271.65,176989,0,1
2014-08-01,269.45,271.6,269.3,270.4,166727,0,1
2014-08-04,271.2,271.35,269.3,269.9,135838,0,1
2014-08-05,269.7,269.95,267.8,268.45,152459,0,1
2014-08-06,268.1,268.8,266.85,267.8,136067,0,1
2014-08-07,267.15,267.55,265.6,266.25,141294,0,1
2014-08-08,265.65,265.75,262.45,263.1,214392,0,1
2014-08-11,265.15,265.15,263.8,264.8,130988,0,1
2014-08-12,264.95,266.3,264.45,264.65,135728,0,1
2014-08-13,265.2,266.45,264.4,266.4,123044,0,1
2014-08-14,266.5,268.25,265.7,267,185558,0,1
2014-08-18,267.95,268.05,264.9,265.2,123919,0,1
2014-08-19,265.85,268.15,265.8,267.7,121841,0,1
2014-08-20,268.35,268.6,266.7,267,102811,0,1
2014-08-21,266.7,266.9,262.25,262.6,156012,0,1
2014-08-22,263,265,262.65,264.7,130270,0,1
2014-08-25,264.15,265.7,262.85,265.4,130436,0,1
2014-08-26,266,267.1,265.35,266.1,120633,0,1
2014-08-27,267,268,266.2,266.35,131670,0,1
2014-08-28,267.05,268.95,266.55,266.65,153220,0,1
2014-08-29,266.1,266.25,264.25,265.6,173622,0,1
2014-09-01,265,265.9,264.6,265.35,82237,0,1
2014-09-02,264.9,265.05,262.25,262.95,149324,0,1
2014-09-03,262,262.9,260.8,262.5,172421,0,1
2014-09-04,263.65,264.25,262.6,262.6,139087,0,1
2014-09-05,262.6,263.6,261,261.9,177473,0,1
2014-09-11,261.95,262.3,260.85,261,130741,0,1
2014-09-12,262.2,263.25,261.65,262.8,117185,0,1
2014-09-15,262,262.55,260.55,262.25,118717,0,1
2014-09-16,262.55,263.05,261.85,262.55,84614,0,1
2014-09-17,264,265.45,263.8,265.45,108400,0,1
2014-09-18,265.05,265.4,263.2,264.1,108387,0,1
2014-09-19,264.95,265.5,264.2,264.6,102446,0,1
2014-09-22,263.2,263.4,260.2,261.1,125555,0,1
2014-09-23,259.9,261.4,259.85,260.5,124586,0,1
2014-09-24,259,260.55,258.65,260.5,109490,0,1
2014-09-25,261.2,261.65,259.6,260.15,116356,0,1
2014-09-26,258.15,259.5,258,259.45,95776,0,1
2014-09-29,259.4,260.1,258.15,258.5,114262,0,1
2014-09-30,258,259.05,256.45,257,151396,0,1
2014-10-01,256.45,256.65,253.85,254.4,133589,0,1
2014-10-02,252.5,252.9,249.75,250.9,194654,0,1
2014-10-06,251.75,252.25,250.05,250.85,129829,0,1
2014-10-07,251.7,252.1,250,250.8,143654,0,1
2014-10-08,249.3,250.6,248.7,250.3,175202,0,1
2014-10-10,248.15,248.2,244.95,245.6,151021,0,1
2014-10-13,243.25,246.1,243,246.1,138663,0,1
2014-10-14,246.6,247.3,244.8,244.8,150287,0,1
2014-10-15,244.8,246.4,243.8,245.5,155746,0,1
2014-10-16,243.5,244.4,242.05,243.65,149438,0,1
2014-10-17,244.3,244.6,240.6,240.9,188533,0,1
2014-10-20,243.1,245.05,242.9,244.4,139430,0,1
2014-10-21,243.35,243.5,241.2,242.4,168900,0,1
2014-10-22,245.25,245.45,243.45,244.55,139639,0,1
2014-10-23,244.1,245.9,243.45,244.6,162476,0,1
2014-10-24,245.1,245.55,242.1,243.3,169856,0,1
2014-10-27,244.8,245.9,244.25,244.8,125100,0,1
2014-10-28,245.15,245.35,243.8,244.45,101479,0,1
2014-10-29,245.9,249.8,245.15,249.2,224117,0,1
2014-10-30,248.25,249.05,247.45,249,152886,0,1
2014-10-31,249.95,250.85,248.15,250.2,211324,0,1
2014-11-03,250.1,250.4,248.6,249.05,140941,0,1
2014-11-04,248.7,249.95,246.5,247,185151,0,1
2014-11-05,247.75,248.35,246.3,246.6,150664,0,1
2014-11-06,246.15,248.6,245.7,248.05,192943,0,1
2014-11-07,247.8,248.75,247.3,248.3,122752,0,1
2014-11-10,249.35,251.8,249.1,250.8,145386,0,1
2014-11-11,250.9,251.45,250.4,250.5,111126,0,1
2014-11-12,250.6,252.7,250.25,251.45,159252,0,1
2014-11-13,251.45,252.25,250,250.5,190033,0,1
2014-11-14,250,250.4,247.35,248.5,140582,0,1
2014-11-17,247.8,249.65,247.2,249.25,134770,0,1
2014-11-18,249.35,251.8,249.35,251.25,129148,0,1
2014-11-19,252,252.15,250.15,250.5,98735,0,1
2014-11-20,249.85,250.7,248.8,250.1,117843,0,1
2014-11-21,250.45,251.25,249.85,250.45,94919,0,1
2014-11-24,252.5,253.85,252.5,253.1,103114,0,1
2014-11-25,253.1,253.4,252.15,252.9,88984,0,1
2014-11-26,253,253.05,251.25,252.15,121641,0,1
2014-11-27,254.45,254.7,253.3,253.8,128845,0,1
2014-11-28,253.6,254.35,253.2,254,93946,0,1
2014-12-01,252.55,252.65,250.7,251.3,121499,0,1
2014-12-02,251,251.5,250.05,251.45,118988,0,1
2014-12-03,251.6,252.35,250.95,251.85,115563,0,1
2014-12-04,251.95,254.9,251.85,254.85,173752,0,1
2014-12-05,254.45,255.15,254.1,254.35,97490,0,1
2014-12-08,254.2,255.15,253.8,253.85,109551,0,1
2014-12-09,253.3,253.65,252.45,253.1,140934,0,1
2014-12-10,252.2,252.4,248.9,248.95,181227,0,1
2014-12-11,247.4,248.25,245.6,245.8,224701,0,1
2014-12-12,244.2,245.4,243.9,244.6,111018,0,1
2014-12-15,242.35,245.8,241.75,245.8,126250,0,1
2014-12-16,243.95,245.25,242.5,243.5,147754,0,1
2014-12-17,244.4,244.45,242.6,242.6,114504,0,1
2014-12-18,244.8,245.55,240.75,242.45,171845,0,1
2014-12-19,245.25,247,244.65,246.5,140041,0,1
2014-12-22,247.1,248.35,246.1,247.8,110617,0,1
2014-12-23,247.85,248.3,247.2,247.2,74209,0,1
2014-12-24,247.2,248.8,246.95,248.35,95528,0,1
2014-12-26,248.45,249.75,248.25,248.9,90114,0,1
2014-12-29,249.5,249.9,247.4,247.4,106058,0,1
2014-12-30,247.5,248.5,244,244,143640,0,1
2015-01-02,244.05,245.75,243.65,245.5,104390,0,1
2015-01-05,244.35,245.45,242.35,244.75,172533,0,1
2015-01-06,242,242.7,239.6,240.5,207735,0,1
2015-01-07,240.2,241.2,239.65,241.05,166377,0,1
2015-01-08,242.25,244.75,242,243.95,218487,0,1
2015-01-09,246.2,247.75,245.65,247.1,134854,0,1
2015-01-12,245.7,247.2,245.4,246.45,111042,0,1
2015-01-13,246.1,247.5,245.05,247.45,131012,0,1
2015-01-14,246.8,248.3,246.05,246.25,131172,0,1
2015-01-15,246.25,247.4,245.3,247.4,140409,0,1
2015-01-16,245.35,245.45,242.45,243.15,152269,0,1
2015-01-19,244.8,246.8,244.35,246.5,122367,0,1
2015-01-20,246.55,248.4,246.45,247.9,125893,0,1
2015-01-21,247.4,249.05,247.2,248.8,121538,0,1
2015-01-22,249.9,250.95,249.15,249.65,114675,0,1
2015-01-23,252.8,253,250.5,251.2,112889,0,1
2015-01-26,250,251.15,248.95,250.95,93665,0,1
2015-01-27,252.1,252.85,251.4,252.7,102523,0,1
2015-01-28,251.5,253.15,251.2,252.65,105928,0,1
2015-01-29,251.2,252.8,250.3,252,117048,0,1
2015-01-30,252.9,253,251.1,251.2,120842,0,1
2015-02-02,250.1,251.95,250.05,251.25,105895,0,1
2015-02-03,252.05,252.35,249.6,250.7,130852,0,1
2015-02-04,252.65,253.7,251.9,252.45,107395,0,1
2015-02-05,252,252.4,249.65,249.75,131783,0,1
2015-02-06,250.15,250.55,249.3,250.5,100834,0,1
2015-02-09,249.55,250.6,248.75,250.15,98977,0,1
2015-02-10,250.05,251.1,248.55,248.55,135276,0,1
2015-02-11,248.75,249.5,248.35,249.05,94447,0,1
2015-02-12,249.2,249.3,246.7,248.4,166460,0,1
2015-02-13,249.35,250.35,249.05,250,86074,0,1
2015-02-16,250.2,250.9,250,250.55,67320,0,1
2015-02-17,250,251.4,249.3,250.95,83772,0,1
2015-02-23,252.5,253.35,251.45,251.65,93634,0,1
2015-02-24,251.85,252.5,251.5,252,68630,0,1
2015-02-25,252.95,253.5,252.55,252.9,92689,0,1
2015-02-26,253.1,253.2,252.2,252.75,72832,0,1
2015-02-27,252.55,252.8,251.15,252.1,110695,0,1
2015-03-02,252.65,253.65,252.4,253.55,106262,0,1
2015-03-03,254.15,254.8,253.8,254.6,96264,0,1
2015-03-04,254.1,254.45,253.85,254.3,74671,0,1
2015-03-05,253.7,254.7,253.4,254.45,95892,0,1
2015-03-06,254.55,255.85,254.45,255.8,94770,0,1
2015-03-09,254.7,255.1,252.8,253,127569,0,1
2015-03-10,253.6,253.8,251.8,251.85,162730,0,1
2015-03-11,250.05,252.35,249.8,251.75,195253,0,1
2015-03-12,251.4,252.9,250.65,251.1,191258,0,1
2015-03-13,253.5,254.1,252.85,253.6,97254,0,1
2015-03-16,253,254.2,252.75,254.1,67482,0,1
2015-03-17,255.15,259.95,254.7,259.45,192420,0,1
2015-03-18,260.15,260.9,259.65,260,125826,0,1
2015-03-19,261.7,261.9,260.1,260.6,130189,0,1
2015-03-20,260.4,260.9,259.35,260.15,105195,0,1
2015-03-23,260.85,261.65,259.6,260.25,134482,0,1
2015-03-24,259.8,260.5,258.8,260.45,126293,0,1
2015-03-25,260.4,261.4,260,260.55,103811,0,1
2015-03-26,258.5,260,257.55,257.75,138060,0,1
2015-03-27,257.7,258.4,257,257.55,113316,0,1
2015-03-30,257.1,258,256.4,257.6,97462,0,1
2015-03-31,259,259.45,257.45,257.6,119541,0,1
2015-04-01,257.5,257.95,255.7,255.7,133629,0,1
2015-04-02,256.4,257.35,255.9,256.35,118365,0,1
2015-04-03,256.75,258.35,256.35,258.35,103302,0,1
2015-04-06,257.9,259.35,257.55,257.95,119065,0,1
2015-04-07,259.1,259.15,257.4,257.6,112257,0,1
2015-04-08,257.7,259.8,257.45,259.45,130726,0,1
2015-04-09,259.1,260.1,258.5,259,153875,0,1
2015-04-10,259.5,263.3,259.5,262.5,142804,0,1
2015-04-13,263.2,264.75,262.75,264.5,100135,0,1
2015-04-14,264.55,266.5,264.35,265.9,134612,0,1
2015-04-15,266.2,267.5,265.75,266.95,139072,0,1
2015-04-16,268.15,269.35,267.65,269.25,140848,0,1
2015-04-17,269.45,269.9,268.65,268.9,97747,0,1
2015-04-20,267.95,269.5,267.55,269.1,127316,0,1
2015-04-21,269.5,269.65,268.4,269.05,111327,0,1
2015-04-22,268.8,272.1,268.75,270.25,187254,0,1
2015-04-23,271.05,274,269.9,274,191592,0,1
2015-04-24,274.2,276.25,271.85,272.05,217629,0,1
2015-04-27,273.15,273.35,271.1,271.4,119234,0,1
2015-04-28,272,272.35,269.7,270.2,140841,0,1
2015-04-29,270.95,270.95,267.55,269,166657,0,1
2015-04-30,268.2,268.9,267.1,268.15,154215,0,1
2015-05-04,268.5,269.6,267.95,269.1,94550,0,1
2015-05-06,267.6,267.75,264.15,264.3,164365,0,1
2015-05-07,264.1,264.2,261.25,263.15,181670,0,1
2015-05-08,263.25,263.35,261.5,261.5,103373,0,1
2015-05-11,263.7,264.5,262.2,262.5,143461,0,1
2015-05-12,262,262.8,261.3,262.5,137106,0,1
2015-05-13,262.15,264.4,262.15,263.95,157967,0,1
2015-05-14,263.45,264.45,262.9,264.1,153273,0,1
2015-05-15,265.4,266.1,261.15,261.25,174918,0,1
2015-05-18,261.6,262.25,260.5,261.85,100146,0,1
2015-05-19,262,264,261.2,263.45,127361,0,1
2015-05-20,263.7,265.8,263.25,265.8,121447,0,1
2015-05-21,265.25,265.55,262.45,262.5,144603,0,1
2015-05-22,263.3,266.25,263.25,265.8,143353,0,1
2015-05-26,266.1,266.35,264.45,265.2,139391,0,1
2015-05-27,263.85,264.15,259.35,259.4,193332,0,1
2015-05-28,260.65,261.8,259.8,260.15,144275,0,1
2015-05-29,259.3,262.4,258.95,261.2,179952,0,1
2015-06-01,260.4,260.5,257.2,258.6,178546,0,1
2015-06-02,258.5,259.7,255.8,256.65,181497,0,1
2015-06-03,257.05,257.4,253.9,254.4,193684,0,1
2015-06-04,254.9,256.8,253.9,254.85,215566,0,1
2015-06-05,253.9,255.85,253.55,254.75,154398,0,1
2015-06-08,254.25,254.8,253,254.25,146092,0,1
2015-06-09,253.8,255.25,252.65,253.95,170207,0,1
2015-06-10,254.75,255.2,251.85,252.3,180099,0,1
2015-06-11,253.4,253.45,251.55,252.7,174559,0,1
2015-06-12,254.2,255.7,251.15,251.4,166781,0,1
2015-06-15,250,251.95,249.6,251.15,116298,0,1
2015-06-16,250.95,251.3,246.8,248.3,188192,0,1
2015-06-17,248.85,249.5,247.45,249.5,137079,0,1
2015-06-18,250.45,251.5,248.8,249.45,191051,0,1
2015-06-19,251.1,251.45,249.85,251,140894,0,1
2015-06-22,251.5,252.9,250.8,252,119751,0,1
2015-06-23,253.1,255.5,252.45,255.5,166046,0,1
2015-06-24,255.5,255.7,254.55,254.85,93657,0,1
2015-06-25,254.25,255.3,253.6,254.7,118127,0,1
2015-06-26,253.7,255.55,252.75,254.9,128130,0,1
2015-06-29,251.1,251.95,250.1,251.7,158052,0,1
2015-06-30,250.55,252.4,250.5,252.25,124590,0,1
2015-07-01,252,255.75,251.5,255.75,179526,0,1
2015-07-02,255.8,256.35,255.35,255.75,103306,0,1
2015-07-03,255.55,255.9,253.8,255.1,130969,0,1
2015-07-06,252.05,253.4,248.25,248.5,257667,0,1
2015-07-07,249.75,250.05,247.5,249.1,202751,0,1
2015-07-08,248.95,249.35,245.5,245.55,242349,0,1
2015-07-09,243.9,247.8,242.5,247.65,297751,0,1
2015-07-10,247.95,248.2,246.3,247.75,139292,0,1
2015-07-13,247,251,246.65,249.3,179218,0,1
2015-07-14,250.3,250.55,248.05,249.15,150132,0,1
2015-07-15,249.85,251.95,248.65,249.65,184438,0,1
2015-07-16,249.15,251.55,249.1,251.5,127565,0,1
2015-07-17,252.9,252.95,249.25,249.8,149160,0,1
2015-07-20,249.8,251.15,248.65,249.2,99020,0,1
2015-07-21,249.8,251.45,248.55,249.8,139334,0,1
2015-07-22,248.45,249.3,246.85,247.6,143147,0,1
2015-07-23,248.05,248.3,246.35,247.45,133957,0,1
2015-07-24,246.3,246.55,244.15,244.65,128246,0,1
2015-07-27,243.4,245.6,243.15,245.4,151154,0,1
2015-07-28,244.35,246,243.45,245.5,164028,0,1
2015-07-29,246.15,246.9,245.45,246.75,128813,0,1
2015-07-30,246.75,247.05,244.1,244.45,157739,0,1
2015-07-31,244.6,244.7,242.3,243.4,147990,0,1
2015-08-03,243.65,243.7,241.35,242.25,119131,0,1
2015-08-04,242.05,243.35,241.85,243.2,132614,0,1
2015-08-05,242.9,244.25,242.35,243.7,144676,0,1
2015-08-06,243.6,243.8,240.2,240.2,172342,0,1
2015-08-07,239.45,240.35,238.85,239.8,125542,0,1
2015-08-10,239.45,239.75,238.3,239.6,126593,0,1
2015-08-11,240.85,242.2,238.3,238.6,234320,0,1
2015-08-12,237.75,239,235.25,236.55,263587,0,1
2015-08-13,236.3,238.5,235.95,238.5,261512,0,1
2015-08-17,238.45,238.55,235.75,236.15,130815,0,1
2015-08-18,236.95,237.1,235.35,235.35,128371,0,1
2015-08-19,235.25,235.9,233,233.45,159271,0,1
2015-08-20,233.55,233.75,231.3,231.35,137262,0,1
2015-08-21,226.5,228.5,226.05,228.15,208418,0,1
2015-08-24,225.2,226.5,216.9,220.7,323119,0,1
2015-08-25,222.25,225.35,218.2,223.05,296327,0,1
2015-08-26,221.55,227.75,220.5,226.95,281505,0,1
2015-08-27,228.25,229.75,227.2,228,207025,0,1
2015-08-28,230.6,231.7,230,231.7,157068,0,1
2015-08-31,230.5,231.55,229.35,231.05,138419,0,1
2015-09-01,230.3,231.2,228.3,228.8,178944,0,1
2015-09-02,226,230.3,226,229.45,204802,0,1
2015-09-03,230.2,230.65,228.85,229.5,135008,0,1
2015-09-04,229.65,230.2,226.6,227.3,182626,0,1
2015-09-07,227.05,228.8,226.05,227.3,181682,0,1
2015-09-08,227.55,228,226.1,228,156787,0,1
2015-09-09,230,234.9,229.7,234.85,209944,0,1
2015-09-10,232.55,236.5,232.1,236.05,231123,0,1
2015-09-11,234.35,235.75,233.65,234,126421,0,1
2015-09-14,235,235.05,231.45,232.45,146768,0,1
2015-09-15,232.95,234,232.3,233.1,115275,0,1
2015-09-16,234.7,240.1,234.65,239.2,177297,0,1
2015-09-17,241.35,241.35,239.25,239.9,121449,0,1
2015-09-18,239.3,242.1,236.8,241.3,198801,0,1
2015-09-21,238.6,239.15,236.1,237.1,135418,0,1
2015-09-22,237.9,239,236.8,238.5,115083,0,1
2015-09-23,235.5,237.45,234.65,235.6,139300,0,1
2015-09-24,236,236.2,234.2,234.9,107333,0,1
2015-09-25,234.55,235.65,233,234.85,135360,0,1
2015-09-30,230.85,236.85,230.5,236.4,140370,0,1
2015-10-01,236.25,240.4,235.65,239,158105,0,1
2015-10-02,238.8,239.35,237.2,237.2,126081,0,1
2015-10-05,238.4,240.9,237.45,238.25,169143,0,1
2015-10-06,240.5,241.3,239.65,240.15,136898,0,1
2015-10-07,240.95,244,240.7,243.8,164556,0,1
2015-10-08,245.2,245.95,243.8,245.8,192306,0,1
2015-10-12,246.7,248.5,246,247.15,124556,0,1
2015-10-13,246.85,248.05,245.85,246.5,104452,0,1
2015-10-14,246.1,246.45,244.4,246.1,123104,0,1
2015-10-15,245.55,249.7,245.55,249.1,131200,0,1
2015-10-16,249.3,249.35,247.65,248.3,94107,0,1
2015-10-19,248.65,249.25,247.1,248.05,104079,0,1
2015-10-20,247.7,249.35,247.5,248.9,88641,0,1
2015-10-21,249,251.65,248.65,249.7,122684,0,1
2015-10-22,248.9,249.9,247.85,248.35,120943,0,1
2015-10-23,250.95,252.4,249.95,250.15,130983,0,1
2015-10-26,251.7,251.7,250.5,250.8,84545,0,1
2015-10-27,250.75,251.2,249.4,251.1,102815,0,1
2015-10-28,251,251.1,248.8,251.1,113029,0,1
2015-10-29,250.7,253.65,249.25,249.5,171098,0,1
2015-10-30,249.5,251.55,249.15,251.2,133692,0,1
2015-11-02,250.4,251.3,249.6,250.65,109371,0,1
2015-11-03,252,253.85,251.95,253.35,108643,0,1
2015-11-04,254.1,254.3,251.95,252.95,125862,0,1
2015-11-05,252.25,252.9,251.15,252.55,109145,0,1
2015-11-06,252.1,252.85,250.25,250.85,105159,0,1
2015-11-09,250.3,250.8,248.9,250.25,108393,0,1
2015-11-10,248.55,248.6,245.9,245.9,143612,0,1
2015-11-11,245.4,246.8,244.5,246,142350,0,1
2015-11-12,245.8,246.45,245.15,246,123394,0,1
2015-11-13,243.5,244.45,242.75,242.8,116246,0,1
2015-11-16,239.9,241.6,239.55,240.4,110064,0,1
2015-11-17,242,242.85,241.15,241.75,110860,0,1
2015-11-18,241.5,242.5,241.1,241.55,83829,0,1
2015-11-19,243.6,244.95,242.5,244.95,112603,0,1
2015-11-20,245.3,245.5,244.55,245.05,69550,0,1
2015-11-23,245.5,247.15,245.4,247,84802,0,1
2015-11-24,246.65,247.8,246.45,247.6,83988,0,1
2015-11-25,247.6,247.7,246.45,247.35,80623,0,1
2015-11-26,247.6,250.6,247.5,250.3,101212,0,1
2015-11-27,250.5,250.9,249.7,249.7,73669,0,1
2015-11-30,248.7,248.8,243.85,244.85,178539,0,1
2015-12-01,245.6,249,245.55,248.5,151842,0,1
2015-12-02,248.5,248.75,246.8,246.8,107194,0,1
2015-12-03,245.35,245.45,242.9,244.6,153464,0,1
2015-12-04,242,243.3,241.4,241.7,128886,0,1
2015-12-07,243.5,243.75,240.9,241.5,123602,0,1
2015-12-08,240.8,242.15,239.45,239.9,147438,0,1
2015-12-09,239.95,240.65,239.35,239.95,113818,0,1
2015-12-10,239.65,242,238.85,242,154125,0,1
2015-12-11,237.3,239.85,237.3,238,103045,0,1
2015-12-14,235.75,236.35,234.25,236.3,108433,0,1
2015-12-15,236.9,237.35,236.05,236.85,82593,0,1
2015-12-16,238.7,242.5,238.45,241.9,126283,0,1
2015-12-17,243,243.5,240.65,241,122150,0,1
2015-12-18,239.45,242.15,239.1,241.4,121487,0,1
2015-12-21,241.15,242.85,239.45,241.5,110184,0,1
2015-12-22,241.35,242.65,240.2,242.3,90106,0,1
2015-12-23,243,245.45,242.55,244.75,96182,0,1
2015-12-24,246,246.25,242.4,242.4,87179,0,1
2015-12-28,243.4,243.8,239.8,239.8,106372,0,1
2015-12-29,240.6,242.4,239.25,242.4,114553,0,1
2015-12-30,242.4,243.1,240.3,240.45,95644,0,1
2016-01-04,239.85,240,234.7,235,136981,0,1
2016-01-05,234.8,237.45,234.6,236.4,155780,0,1
2016-01-06,236.5,236.8,233.55,235.45,181501,0,1
2016-01-07,234.3,235.25,231.9,232.5,166300,0,1
2016-01-08,231.05,234.45,230.6,233.8,206123,0,1
2016-01-11,230.9,232.35,230.4,231.75,137193,0,1
2016-01-12,232.75,233.25,230.3,230.4,165778,0,1
2016-01-13,232.05,234.8,231.85,234.5,146511,0,1
2016-01-14,231.25,233.15,229.6,233.1,194830,0,1
2016-01-15,233.9,234.25,228.2,229.05,174273,0,1
2016-01-18,226.55,229.7,226.1,229.15,154773,0,1
2016-01-19,229.1,230.5,227.05,230.5,168732,0,1
2016-01-20,229.35,229.45,223.1,223.7,190394,0,1
2016-01-21,225.15,226.8,224.05,224.9,202945,0,1
2016-01-22,226.9,229.75,226.6,229.7,170693,0,1
2016-01-25,230.25,232.1,229.3,231.2,120871,0,1
2016-01-26,229.4,229.65,226.3,227.8,163651,0,1
2016-01-27,229.8,231.6,229.4,230.95,154436,0,1
2016-01-28,229,231.75,228.3,231,138980,0,1
2016-01-29,230.55,232.3,229.05,232.3,190771,0,1
2016-02-01,232.95,234.7,232.6,233.5,140967,0,1
2016-02-02,232.45,233.55,231.65,231.9,126217,0,1
2016-02-03,229.35,229.55,227.9,228.9,147251,0,1
2016-02-04,231,233.8,230.35,233.6,161636,0,1
2016-02-05,232.8,234.75,232.8,234,115802,0,1
2016-02-11,228.35,229,226.8,227,171023,0,1
2016-02-12,226.25,227.15,224.1,225.7,179003,0,1
2016-02-15,228.4,229.5,227.6,228.75,117881,0,1
2016-02-16,228.9,232.85,228.9,232.05,139927,0,1
2016-02-17,231.45,233.7,231.35,232.5,142352,0,1
2016-02-18,235.7,235.85,234.3,234.6,116375,0,1
2016-02-19,234.35,235.35,234.15,234.85,104876,0,1
2016-02-22,234.3,236.4,234.05,235.75,97359,0,1
2016-02-23,236.55,236.85,234.9,236,123969,0,1
2016-02-24,235.35,236.25,234.2,235.25,134715,0,1
2016-02-25,236.1,237.55,234.7,235.45,149914,0,1
2016-02-26,236.9,237.25,235.65,235.8,117887,0,1
2016-02-29,235.2,236.9,234.9,235.2,125777,0,1
2016-03-02,238.5,239.6,238.3,239.55,114267,0,1
2016-03-03,239.95,240.15,239.35,240,98436,0,1
2016-03-04,239.9,240.7,239.6,240.2,85655,0,1
2016-03-07,240.7,241.1,240.35,240.6,87118,0,1
2016-03-08,240.95,241.05,237.9,238.6,136292,0,1
2016-03-09,238.25,239.9,237.8,239.7,118764,0,1
2016-03-10,240.15,243.25,239.75,243.2,159376,0,1
2016-03-11,242.75,244.1,242.7,243.6,100763,0,1
2016-03-14,244.75,244.85,243.05,243.35,80323,0,1
2016-03-15,243.35,244.1,242.25,243.25,89471,0,1
2016-03-16,243.9,244.95,243.1,243.6,93985,0,1
2016-03-17,244.75,247.3,244.65,245.2,143513,0,1
2016-03-18,246.05,246.25,244.7,245.35,89898,0,1
2016-03-21,246.2,246.8,244.15,244.85,104779,0,1
2016-03-22,245.5,246.4,245,246.4,91392,0,1
2016-03-23,246.35,247.15,245.6,245.8,111024,0,1
2016-03-24,245,246.05,244.25,245.35,118338,0,1
2016-03-25,245.7,245.85,244.75,245.05,63144,0,1
2016-03-28,245,246.1,244.7,245.4,71172,0,1
2016-03-29,245.4,247,245.25,246.7,107701,0,1
2016-03-30,247.65,248.45,247.4,247.8,87698,0,1
2016-03-31,248.25,248.25,245.9,246.4,111771,0,1
2016-04-01,246.35,246.55,242.55,242.55,147889,0,1
2016-04-04,243.15,243.8,242.7,243.5,75216,0,1
2016-04-05,242.7,242.9,241,241.3,109211,0,1
2016-04-06,241.55,243.1,241.25,242.9,109150,0,1
2016-04-07,243.6,243.95,241.7,243,116103,0,1
2016-04-08,241.2,242.4,240,242.2,125556,0,1
2016-04-11,241.95,242.75,241.1,242.65,110713,0,1
2016-04-12,242.6,244.4,242.2,244.2,134608,0,1
2016-04-14,247.2,249.6,247.05,249.3,165572,0,1
2016-04-15,249.35,250,248.9,249.45,89360,0,1
2016-04-18,247.2,248.6,246.75,248.35,95555,0,1
2016-04-19,249.15,249.9,248.5,248.9,84520,0,1
2016-04-20,249.25,250.3,247.7,247.95,105089,0,1
2016-04-21,249.25,250.3,248.65,249.9,101988,0,1
2016-04-22,248.8,249.55,248.4,248.7,90105,0,1
2016-04-25,248.75,248.95,247.55,248.5,83525,0,1
2016-04-26,248.5,250.1,248.2,249.2,110743,0,1
2016-04-27,248.8,249.6,248.8,249.15,62233,0,1
2016-04-28,250.2,250.3,246.45,246.45,157191,0,1
2016-04-29,246.6,246.7,244.5,245.35,115882,0,1
2016-05-02,244.85,245.15,243.55,244.25,84901,0,1
2016-05-03,245,245,243.8,244.45,78666,0,1
2016-05-04,243.2,243.9,242.3,243.35,104420,0,1
2016-05-09,243.2,243.45,242.1,242.55,88839,0,1
2016-05-10,241.95,243.8,241.9,243.8,108864,0,1
2016-05-11,244.3,244.35,242,242.8,140533,0,1
2016-05-12,242.4,243.4,241.65,242.9,151116,0,1
2016-05-13,242.4,242.8,240.3,240.4,115127,0,1
2016-05-16,239.95,241.75,239.55,241.2,91035,0,1
2016-05-17,241.2,241.6,240.3,241.25,82066,0,1
2016-05-18,240.5,240.55,238.35,239.3,135362,0,1
2016-05-19,239,239.65,238.65,238.9,79687,0,1
2016-05-20,238.95,239.8,238.4,239.05,88360,0,1
2016-05-23,239.35,240.15,237.8,239.75,107054,0,1
2016-05-24,239.2,239.35,237.95,238.1,89410,0,1
2016-05-25,239.75,241.7,239.35,241.3,108791,0,1
2016-05-26,241.35,242.1,240.7,241.2,92106,0,1
2016-05-27,241.6,242.5,241,242.15,109780,0,1
2016-05-30,242.1,242.3,240.45,241.75,111217,0,1
2016-05-31,241.5,243.65,240.3,243.35,165972,0,1
2016-06-01,242.65,244.1,242.35,243.7,116939,0,1
2016-06-02,243.7,244.3,243.25,244.2,103390,0,1
2016-06-03,244.7,244.95,243.85,244.6,95923,0,1
2016-06-07,245.45,248.05,245.35,247.9,129573,0,1
2016-06-08,248.05,250.25,247.75,249.85,135804,0,1
2016-06-09,250.05,251.65,248.5,249.5,197113,0,1
2016-06-10,251.15,251.2,250.05,250.3,92658,0,1
2016-06-13,248.25,248.55,244.75,244.75,139835,0,1
2016-06-14,244.55,245.3,243.2,244.05,137695,0,1
2016-06-15,243.6,244.85,242.8,244.15,124114,0,1
2016-06-16,244.1,244.35,241.1,242.05,136245,0,1
2016-06-17,243.9,244.8,242.2,242.75,152913,0,1
2016-06-20,245.6,246.1,244.45,245.7,109648,0,1
2016-06-21,245.4,246,244.5,245.75,92481,0,1
2016-06-22,245.75,247.8,245.25,247.4,126124,0,1
2016-06-23,247.2,247.65,246.55,247.2,77796,0,1
2016-06-24,248,248.9,235.65,238.95,382504,0,1
2016-06-27,238.25,239.95,237.5,239.8,137948,0,1
2016-06-28,237.45,240.95,237.1,240.6,143865,0,1
2016-06-29,241.5,244.4,240.9,242.9,148752,0,1
2016-06-30,244.65,244.65,242.95,244.25,136970,0,1
2016-07-01,244.8,247.75,244.75,246.95,132921,0,1
2016-07-04,247.05,248.25,246.5,248.05,90283,0,1
2016-07-05,247.6,247.9,246.75,247.4,82192,0,1
2016-07-06,246.35,246.5,241.35,242.15,197562,0,1
2016-07-07,243.7,245.75,242.9,244.9,136665,0,1
2016-07-08,244.45,245.8,243.2,244.15,139638,0,1
2016-07-11,246.2,248.15,246.1,247.3,134419,0,1
2016-07-12,247.85,249.1,246.95,247.55,130875,0,1
2016-07-13,249.55,250.55,248.35,249.35,182393,0,1
2016-07-14,249.35,250.3,248.9,250,134976,0,1
2016-07-15,251,252.2,250.2,251.25,114354,0,1
2016-07-18,251.25,252.1,251,251.65,64600,0,1
2016-07-19,251.9,251.95,250.4,251,84553,0,1
2016-07-20,251,251.05,249.25,250.9,96924,0,1
2016-07-21,251.7,251.85,250.4,250.9,73251,0,1
2016-07-22,249.75,251.15,249.1,250.75,80095,0,1
2016-07-25,251.35,251.95,250.25,250.85,101263,0,1
2016-07-26,250.7,253.3,250.35,253.3,108120,0,1
2016-07-27,253.3,253.8,252.9,253.35,78891,0,1
2016-07-28,253.25,253.6,251.6,252,96500,0,1
2016-07-29,252.3,253.8,251.8,252.4,132143,0,1
2016-08-01,253.1,254.45,253.05,254.3,85680,0,1
2016-08-02,253.55,253.75,252.05,252.2,87414,0,1
2016-08-03,250.5,250.75,248.75,249,129434,0,1
2016-08-04,250.1,250.5,248.8,249.6,96743,0,1
2016-08-05,250,252.7,249.9,252.7,99200,0,1
2016-08-08,253.95,254.7,252.85,254.2,103134,0,1
2016-08-09,254.6,256.65,254.3,256,118455,0,1
2016-08-10,255.9,256.7,255.2,255.2,112709,0,1
2016-08-11,255.5,256.15,254.6,256.05,126096,0,1
2016-08-12,256.7,258.2,256.15,256.25,112946,0,1
2016-08-16,257.45,258.25,256.3,256.55,87879,0,1
2016-08-17,256.1,256.7,255.1,256.2,95875,0,1
2016-08-18,256.25,258.5,255.9,258.5,100301,0,1
2016-08-19,258.4,258.8,257.6,258.45,85446,0,1
2016-08-22,258.35,258.45,256.95,257.2,88969,0,1
2016-08-23,257.4,258.5,257.25,258.35,83403,0,1
2016-08-24,258.25,258.55,256.7,257.05,88507,0,1
2016-08-25,257,258.05,256.2,257.4,89379,0,1
2016-08-26,256.6,256.85,255.25,256.7,97421,0,1
2016-08-29,255,256.9,254.4,256.6,91424,0,1
2016-08-30,257.4,259.1,257.3,257.95,104482,0,1
2016-08-31,257.65,257.8,256.15,256.5,93522,0,1
2016-09-01,255.15,256.25,254.05,256.25,115654,0,1
2016-09-02,256.2,256.55,255.5,256.55,80332,0,1
2016-09-05,257.8,259.85,257.75,259.8,115904,0,1
2016-09-06,259.7,260.9,259.6,260.85,85372,0,1
2016-09-07,260.85,262.1,259.9,259.95,117546,0,1
2016-09-08,260.7,261.45,259.55,261.1,129444,0,1
2016-09-09,259.2,259.65,257.2,258,122392,0,1
2016-09-12,253.5,254.5,251.15,251.7,148938,0,1
2016-09-13,254.6,254.6,251.9,252.05,119176,0,1
2016-09-19,251.05,254.85,251,254.6,94129,0,1
2016-09-20,253.8,255.35,253.6,255.1,85656,0,1
2016-09-21,254.9,256.85,254.7,256.6,108965,0,1
2016-09-22,258.6,260.1,258.35,259.1,97077,0,1
2016-09-23,259.8,259.8,258.55,259,83404,0,1
2016-09-26,259.05,260,257.65,258.3,96675,0,1
2016-09-27,257.3,260.4,255.9,260.4,151339,0,1
2016-09-28,259.6,259.8,258.8,258.9,67374,0,1
2016-09-29,260.15,261.65,260.05,261.05,102267,0,1
2016-09-30,259,259.75,257.8,258.2,112227,0,1
2016-10-04,259.45,260.4,259,259.5,75507,0,1
2016-10-05,257.75,260,257,259.55,112619,0,1
2016-10-06,261.35,261.8,260.05,261.1,89605,0,1
2016-10-07,261.15,261.55,260.3,260.55,71862,0,1
2016-10-10,259.55,261.15,258.35,261,102633,0,1
2016-10-11,260.35,261.1,256.85,257,163923,0,1
2016-10-12,255.5,257.35,255.35,256.4,139490,0,1
2016-10-13,256.4,256.8,254.1,254.3,189197,0,1
2016-10-14,255.05,256.5,255.05,255.7,104500,0,1
2016-10-17,256.2,257.1,253.95,256.2,132565,0,1
2016-10-18,256.4,258.2,256.3,258.1,83359,0,1
2016-10-19,257.5,259.65,257.3,258.25,89016,0,1
2016-10-20,258.6,259.65,258.35,258.55,82531,0,1
2016-10-21,258.5,258.9,257.15,257.65,101259,0,1
2016-10-24,258.25,259.65,258.25,259.55,102290,0,1
2016-10-25,258.85,259.4,258.3,258.8,75437,0,1
2016-10-26,257.6,257.75,254.4,255.7,139589,0,1
2016-10-27,256.45,257.15,255.9,256.9,93869,0,1
2016-10-28,256.2,257.6,256.2,257.15,90515,0,1
2016-10-31,255.75,257.05,255.25,256.5,93795,0,1
2016-11-01,256.05,256.5,253.8,256.5,137588,0,1
2016-11-02,254.5,254.95,252.8,253.15,128470,0,1
2016-11-03,252.7,254,252.1,253.7,133541,0,1
2016-11-04,253.05,253.6,252.25,253.05,93434,0,1
2016-11-07,255.8,255.9,254.3,255.15,98633,0,1
2016-11-08,256.25,256.4,254.35,256,99896,0,1
2016-11-09,256.8,257.45,246.8,249.9,481045,0,1
2016-11-10,253.9,255.65,253.1,255.3,186725,0,1
2016-11-11,253.4,254,252.15,252.7,120003,0,1
2016-11-14,252.2,252.8,250.35,250.65,109646,0,1
2016-11-15,250.35,251.3,249.55,249.55,97906,0,1
2016-11-16,251.15,251.7,250.4,250.45,76948,0,1
2016-11-17,249.9,250.85,248.8,250.25,94923,0,1
2016-11-18,250.95,251.05,249.3,250.4,92221,0,1
2016-11-21,249.8,250.8,249.25,249.8,85745,0,1
2016-11-22,250.5,253.05,250.45,252.55,98467,0,1
2016-11-23,252.7,254.65,252.3,253.55,95907,0,1
2016-11-24,253.65,253.9,251.65,252.45,110571,0,1
2016-11-25,252.8,253,251.9,252.2,84906,0,1
2016-11-28,252.3,253.5,250.8,253.15,103959,0,1
2016-11-29,253.15,253.65,252.55,252.8,101881,0,1
2016-11-30,253.05,254.95,253,254.15,134102,0,1
2016-12-01,254.55,255.05,253.85,254.2,88882,0,1
2016-12-02,253.4,253.95,252.25,252.65,114590,0,1
2016-12-05,252.2,252.95,251.45,252.7,116418,0,1
2016-12-06,254.1,256.05,254.1,255.4,127322,0,1
2016-12-07,256.2,256.65,255.6,256.2,97626,0,1
2016-12-08,258.4,260.95,258.3,260.8,134030,0,1
2016-12-09,257.85,258.2,257.2,258.2,74625,0,1
2016-12-12,259,259,256.95,257.3,96318,0,1
2016-12-13,257.75,258.4,257.35,258,79709,0,1
2016-12-14,259.3,260,258.2,258.5,93443,0,1
2016-12-15,256.8,258.9,256.5,258.35,107785,0,1
2016-12-16,257.9,259.15,257.7,258.5,87949,0,1
2016-12-19,258.2,259.45,258.15,259,72374,0,1
2016-12-20,259.15,259.9,258.95,259.35,68556,0,1
2016-12-21,260.15,260.95,259.15,259.2,88373,0,1
2016-12-22,259.4,259.65,258.8,259.1,59477,0,1
2016-12-23,258.8,259.1,258.45,258.6,51807,0,1
2016-12-26,258.85,259.1,258.5,258.9,29248,0,1
2016-12-27,258.9,259.5,258.85,259.5,34008,0,1
2016-12-28,260.05,260.75,259.95,260.4,74524,0,1
2016-12-29,259.9,260.35,259.25,260.05,75934,0,1
2017-01-02,260.05,261.9,259.25,261.2,82205,0,1
2017-01-03,261.75,263.2,261.35,263.2,90008,0,1
2017-01-04,263,263.55,262.8,263.35,73168,0,1
2017-01-05,263.05,263.35,262.3,262.65,88555,0,1
2017-01-06,262.95,264.15,262.9,263.65,91540,0,1
2017-01-09,263.95,264.65,263.7,264.05,85047,0,1
2017-01-10,263.2,264.3,263.2,264,88895,0,1
2017-01-11,264.2,269.6,264.15,269.05,199684,0,1
2017-01-12,268.85,269.9,268.65,268.85,158354,0,1
2017-01-13,268.85,269.3,268.55,268.65,70432,0,1
2017-01-16,268.35,269.15,266.35,267.4,136055,0,1
2017-01-17,267.45,269.25,267.4,268.4,96572,0,1
2017-01-18,268.15,268.8,266.1,267.95,130813,0,1
2017-01-19,269.2,270.8,266.85,268.15,147542,0,1
2017-01-20,267.25,268,266.95,267.6,77530,0,1
2017-01-23,267.25,268.45,265.9,267.15,98658,0,1
2017-01-24,267.55,268.9,267,268,86029,0,1
2017-01-25,269.5,269.5,267.55,268.25,99303,0,1
2017-01-26,269.5,271.5,268.75,271,120175,0,1
2017-01-31,269.9,270.3,268.95,269.2,80383,0,1
2017-02-01,269.6,270.3,269.45,270.2,63006,0,1
2017-02-02,269.95,271.6,268.5,269.2,117996,0,1
2017-02-03,269.7,269.95,267.9,269.8,118206,0,1
2017-02-06,271.3,271.7,269.2,270.05,114171,0,1
2017-02-07,270.35,270.35,268.85,269.35,92522,0,1
2017-02-08,268.85,268.9,266.15,268.25,166629,0,1
2017-02-09,268.3,269.2,267.45,268.5,131109,0,1
2017-02-10,269.55,270.25,268.7,268.75,84892,0,1
2017-02-13,268.55,269.15,268.2,268.85,56996,0,1
2017-02-14,269.75,269.75,267.45,268,89858,0,1
2017-02-15,267.95,269.5,267.45,268.9,84833,0,1
2017-02-16,269.5,270.35,268.55,268.75,88830,0,1
2017-02-17,267.9,269.25,267.85,269,68213,0,1
2017-02-20,269.15,269.95,268.7,269.75,55722,0,1
2017-02-21,270,273.5,269.8,272.25,120717,0,1
2017-02-22,272.6,273.2,272.35,272.65,57995,0,1
2017-02-23,272.65,273.1,272.25,273,49047,0,1
2017-02-24,272.65,273.05,270.2,270.55,105479,0,1
2017-02-27,270.65,271.05,268.9,269.5,93193,0,1
2017-02-28,269.7,270.6,269.4,269.75,61699,0,1
2017-03-02,271.9,273.4,271.35,272.7,132161,0,1
2017-03-03,271.4,271.6,269,269.65,126566,0,1
2017-03-06,268.9,270.45,268.35,270.25,94263,0,1
2017-03-07,270.55,272.3,270.15,271.65,113671,0,1
2017-03-08,271.4,272.95,271,272.2,100012,0,1
2017-03-09,272.3,272.85,271.45,271.45,93476,0,1
2017-03-10,271.65,273.3,270.55,272.55,127658,0,1
2017-03-13,272.95,276.45,272.8,275.75,101520,0,1
2017-03-14,276.75,278.15,276.45,278,87793,0,1
2017-03-15,277.85,278.65,277.45,278.6,62422,0,1
2017-03-16,281.3,281.95,279.8,280.3,99392,0,1
2017-03-17,280.5,281.95,280.15,281.45,88473,0,1
2017-03-20,281.6,281.65,280.25,281.5,55370,0,1
2017-03-21,282.15,284.8,281.6,284.05,113249,0,1
2017-03-22,281.85,282.85,281.35,282.55,100506,0,1
2017-03-23,283.8,284.5,282.8,283.2,101643,0,1
2017-03-24,283.3,284.35,282.05,282.85,91677,0,1
2017-03-27,281.2,282.2,280.35,280.75,125683,0,1
2017-03-28,282.15,282.4,281,281.55,101495,0,1
2017-03-29,282.7,282.8,281.45,282.2,111282,0,1
2017-03-30,282.55,283.6,281.45,282.15,147983,0,1
2017-03-31,282.3,282.6,281.25,281.7,125442,0,1
2017-04-03,282.1,283.2,281.55,282,122472,0,1
2017-04-04,281.8,282.35,280.85,281.45,123108,0,1
2017-04-05,281.5,281.85,279.15,280.95,227281,0,1
2017-04-06,280,280.1,278.5,280,226148,0,1
2017-04-07,280.25,280.45,278.15,279.35,257186,0,1
2017-04-10,279.3,279.4,277.1,277.75,219818,0,1
2017-04-11,276.95,277.75,275.45,276,240464,0,1
2017-04-12,276.4,277.05,275.75,277.05,177773,0,1
2017-04-13,276.95,279.25,276.3,279.25,282126,0,1
2017-04-14,278.15,278.55,276.2,277.8,199710,0,1
2017-04-17,278.45,279.6,277.85,278.75,168229,0,1
2017-04-18,279.9,280.1,277.55,278.45,189616,0,1
2017-04-19,277.75,278.55,276.25,276.95,213296,0,1
2017-04-20,276.45,278.35,276,278.35,175493,0,1
2017-04-21,279.4,281.15,279,280.8,176106,0,1
2017-04-24,282,282.6,281.3,281.95,128482,0,1
2017-04-25,282.15,285.4,282.1,285.3,213049,0,1
2017-04-26,286.1,287.35,285.85,286.55,184947,0,1
2017-04-27,286.55,287.55,286.15,287.45,159241,0,1
2017-04-28,287.5,288.9,287.3,287.9,185967,0,1
2017-05-02,289.1,291.65,288.65,290.15,213534,0,1
2017-05-04,290.95,292.85,290.8,292.85,159146,0,1
2017-05-08,293.05,300.8,292.95,300.8,313622,0,1
2017-05-10,300.8,305.6,295.85,296.55,528895,0,1
2017-05-11,298.1,300.6,296.85,300.2,392265,0,1
2017-05-12,300.2,300.5,298.2,298.75,204206,0,1
2017-05-15,299.05,300.3,297.85,299.75,162221,0,1
2017-05-16,301.25,302.1,298.3,299.35,206948,0,1
2017-05-17,298.9,300.15,298.2,299.6,195636,0,1
2017-05-18,296.4,298.9,295.8,298.75,211316,0,1
2017-05-19,298.5,299.25,297.85,298.35,138232,0,1
2017-05-22,300.35,300.9,299,300.7,167718,0,1
2017-05-23,301.15,303.8,300.7,301.15,237553,0,1
2017-05-24,302.25,302.95,301.4,302,144192,0,1
2017-05-25,303.35,305.6,302.4,305.6,232059,0,1
2017-05-26,305.6,308.75,305.2,307.45,267675,0,1
2017-05-29,308.2,309.5,305.25,306.9,233656,0,1
2017-05-30,307,307.15,303.2,304.45,241610,0,1
2017-05-31,304.15,306.4,303.8,305.15,206833,0,1
2017-06-01,304.7,305.45,303.15,304.25,198567,0,1
2017-06-02,305.2,308.1,305.05,307.85,225327,0,1
2017-06-05,308.05,308.7,306.95,307.7,188326,0,1
2017-06-07,307.05,307.65,305.4,305.5,203023,0,1
2017-06-08,305.75,306.85,304.15,306.75,207330,0,1
2017-06-09,307.9,310.6,307.65,309.9,207618,0,1
2017-06-12,308,308.85,306.3,306.65,174364,0,1
2017-06-13,306.95,308.85,306.7,308.4,136371,0,1
2017-06-14,309.6,310.7,307.65,308.75,182342,0,1
2017-06-15,308.3,309.35,305.5,307,228019,0,1
2017-06-16,307.1,308,306.5,307.35,150110,0,1
2017-06-19,307.2,309.8,306.6,309.15,164759,0,1
2017-06-20,310.5,310.8,309.15,309.45,158342,0,1
2017-06-21,308,308.45,306.65,308.15,194300,0,1
2017-06-22,308.7,310,307.8,309.9,151652,0,1
2017-06-23,309.7,311.2,309.5,310.6,163812,0,1
2017-06-26,311,312.65,310.7,311.9,160896,0,1
2017-06-27,311.75,313.3,311.6,312.45,138933,0,1
2017-06-28,311,312.35,310.85,311.6,158243,0,1
2017-06-29,313.2,314.6,313.1,313.7,159571,0,1
2017-06-30,311.45,312.9,311.2,312.9,156776,0,1
2017-07-03,313.25,313.65,311.8,313.3,145782,0,1
2017-07-04,313.3,313.6,310.85,311,215183,0,1
2017-07-05,310.6,312.8,310.35,312.45,178956,0,1
2017-07-06,313.25,313.3,311.55,312.45,158151,0,1
2017-07-07,311.05,312.15,310.45,311.6,161088,0,1
2017-07-10,312.4,313.3,311.5,312.15,162728,0,1
2017-07-11,312.75,314.35,312.35,314.05,177627,0,1
2017-07-12,314.1,314.85,313.75,313.95,151988,0,1
2017-07-13,315.85,319.1,315.75,317.9,293275,0,1
2017-07-14,318.35,318.8,317.65,318.05,132532,0,1
2017-07-17,320.05,320.3,318.65,318.85,141906,0,1
2017-07-18,319.15,319.4,318.45,319.4,115450,0,1
2017-07-19,319.8,320.05,318.4,320.05,147598,0,1
2017-07-20,320.55,321.55,319.55,320.95,125744,0,1
2017-07-21,320.7,322.65,320.7,322.45,155718,0,1
2017-07-24,322.55,322.65,321.65,322.6,101277,0,1
2017-07-25,322.55,322.75,320.7,321,139804,0,1
2017-07-26,321.45,321.6,319.5,320.3,208667,0,1
2017-07-27,321.2,322.15,320.35,321.2,179568,0,1
2017-07-28,320,320.2,313.9,313.9,317441,0,1
2017-07-31,313.35,315.5,313.25,314.9,200346,0,1
2017-08-01,314.15,319.45,313.85,317.9,270035,0,1
2017-08-02,318.75,319.45,318.1,318.5,132461,0,1
2017-08-03,317.55,317.65,310.7,313,372890,0,1
2017-08-04,312.9,314.9,312.55,314.2,219655,0,1
2017-08-07,314.65,316.3,314.1,314.25,192674,0,1
2017-08-08,315.1,316.2,312.25,314.2,260738,0,1
2017-08-09,311.7,312.7,309.65,310,275577,0,1
2017-08-10,309,310.35,306.4,308.6,379927,0,1
2017-08-11,303.9,305.4,302.3,302.85,295386,0,1
2017-08-14,305.2,306.4,304.45,305.95,183368,0,1
2017-08-16,308.75,309.15,307.1,307.6,178742,0,1
2017-08-17,308.2,309.85,307.3,309.25,200629,0,1
2017-08-18,306.5,309.3,306.3,309.1,182338,0,1
2017-08-21,309.75,309.8,307.9,308.4,149427,0,1
2017-08-22,308.9,310.35,308.9,310.05,154611,0,1
2017-08-23,311.5,311.7,309.25,309.95,150604,0,1
2017-08-24,310,312.05,309.95,311.45,170047,0,1
2017-08-25,312.25,312.55,310.75,311.6,180698,0,1
2017-08-28,311.1,312.05,309.35,309.55,164028,0,1
2017-08-29,307.95,309.1,304.45,308.5,280403,0,1
2017-08-30,309.5,310.35,308.65,310.35,122368,0,1
2017-08-31,309.9,310.55,307.4,308,177630,0,1
2017-09-01,309.1,309.5,306.85,307.65,177755,0,1
2017-09-04,303.1,306.6,303,304.85,221676,0,1
2017-09-05,305.95,306,303.5,304.05,196572,0,1
2017-09-06,304.1,304.2,302.7,303.65,164847,0,1
2017-09-07,304.55,307.7,304.3,307.55,204932,0,1
2017-09-08,307.8,308.1,306.85,307.6,124224,0,1
2017-09-11,308.85,311.5,308.65,310.6,233677,0,1
2017-09-12,311.85,311.9,309.85,310.55,180879,0,1
2017-09-13,311,312.35,309.75,309.9,241212,0,1
2017-09-14,310.75,311.7,309.75,311.6,227960,0,1
2017-09-15,312.55,314.6,311.75,314.55,208062,0,1
2017-09-18,314.85,320.05,314.65,320.05,214931,0,1
2017-09-19,319.65,320.2,319.1,319.4,127864,0,1
2017-09-20,320.1,321.6,318.15,319.15,182941,0,1
2017-09-21,318.7,319.85,318.35,319.4,157370,0,1
2017-09-22,318.95,320.1,316.4,317.1,238469,0,1
2017-09-25,317.65,317.95,316.2,317.15,155709,0,1
2017-09-26,315.8,316.5,314.65,315.15,206073,0,1
2017-09-27,315.55,315.6,314.3,314.75,133776,0,1
2017-09-28,314.8,315.9,313.95,314.95,195564,0,1
2017-09-29,315.1,317.65,315.05,317.65,202645,0,1
2017-10-10,322.3,324.85,321.4,323.5,240500,0,1
2017-10-11,324.5,326.9,324.1,326.6,208653,0,1
2017-10-12,326.95,329.1,326.8,329,244925,0,1
2017-10-13,328.4,329.3,327.9,328.65,128564,0,1
2017-10-16,329,330.25,328.15,328.85,135237,0,1
2017-10-17,328.9,329.85,328.7,329.15,131670,0,1
2017-10-18,328.85,330.1,328.3,329.2,144790,0,1
2017-10-19,330.05,330.25,327.1,327.45,175769,0,1
2017-10-20,327.6,329.65,327.6,329.6,158132,0,1
2017-10-23,330.55,331.1,329.25,330.4,180646,0,1
2017-10-24,330.2,330.8,329.8,329.9,119985,0,1
2017-10-25,330.05,330.65,328.7,330.1,178153,0,1
2017-10-26,329.85,330.1,327.1,327.1,160751,0,1
2017-10-27,327.75,330.35,327.45,330.2,165907,0,1
2017-10-30,331.95,332.1,330.3,330.8,157839,0,1
2017-10-31,331,334.85,330.2,334.4,210866,0,1
2017-11-01,336.45,339.9,335.9,339.9,230793,0,1
2017-11-02,339.5,339.85,337.55,338.4,176250,0,1
2017-11-03,339.3,339.95,336.8,339.7,199643,0,1
2017-11-06,339,339.5,335.05,337.5,261348,0,1
2017-11-07,337.5,338.95,336.75,337.1,248186,0,1
2017-11-08,335.7,339.55,335.4,338.6,290966,0,1
2017-11-09,339.15,339.25,335.65,337,322000,0,1
2017-11-10,335.45,337.2,335.2,336.25,192663,0,1
2017-11-13,336.3,337.9,334.4,334.9,186260,0,1
2017-11-14,334.8,335.3,333.8,334.65,157150,0,1
2017-11-15,334,334.2,332.05,332.5,197724,0,1
2017-11-16,333.4,335.25,332.55,334.65,134946,0,1
2017-11-17,336.25,338.6,334.2,334.3,231419,0,1
2017-11-20,335.05,335.6,332.55,332.8,179526,0,1
2017-11-21,334.25,335.2,333.15,334.2,133157,0,1
2017-11-22,336,337.5,334.9,335.9,168613,0,1
2017-11-23,336.25,336.3,334.5,334.8,102475,0,1
2017-11-24,335.3,335.8,334.05,335.6,100895,0,1
2017-11-27,335.85,336,329.25,329.25,225467,0,1
2017-11-28,330.15,331.75,328.95,331.05,198501,0,1
2017-11-29,331.5,332.55,330.4,331.05,132772,0,1
2017-11-30,328.75,329.85,324.45,325.6,251469,0,1
2017-12-01,326.5,326.85,324.55,325.2,182659,0,1
2017-12-04,326.55,328.6,325.05,328.35,176957,0,1
2017-12-05,327,330.35,326.3,329.95,184620,0,1
2017-12-06,329.9,329.95,324.7,325,254842,0,1
2017-12-07,325.8,325.85,322.65,324.05,229601,0,1
2017-12-08,324.75,325.6,323.55,324.75,167931,0,1
2017-12-11,325.1,325.45,323.5,324.85,154027,0,1
2017-12-12,324.95,325.3,323.2,323.8,179220,0,1
2017-12-13,324.35,326.75,323.35,326.2,224418,0,1
2017-12-14,327.05,331.35,326.8,327.65,253000,0,1
2017-12-15,325.3,326.25,323.25,323.25,172946,0,1
2017-12-18,324.25,324.9,323.4,324.65,125508,0,1
2017-12-19,325.15,327.25,323.65,324.35,179641,0,1
2017-12-20,323.9,325.3,323.6,324.05,120149,0,1
2017-12-21,323,323.55,317.35,317.35,207869,0,1
2017-12-22,318.65,319.85,317.4,319,149754,0,1
2017-12-26,319.8,321.75,317.5,317.95,169027,0,1
2017-12-27,319,321.7,318.2,321.7,185242,0,1
2017-12-28,321.5,326.15,321.4,326.15,185508,0,1
2018-01-02,326.6,327.5,325.45,327,133406,0,1
2018-01-03,328,329.1,327.25,328.2,137675,0,1
2018-01-04,329.95,330.15,325.05,325.5,230871,0,1
2018-01-05,326.5,329.7,326.25,329.45,165076,0,1
2018-01-08,331.4,332.65,329.25,331.75,224607,0,1
2018-01-09,331.2,333.5,329.45,330.95,223104,0,1
2018-01-10,331.85,331.95,328.05,328.35,260461,0,1
2018-01-11,328.2,328.85,326,327,229121,0,1
2018-01-12,327.8,328.2,325.1,327.35,202736,0,1
2018-01-15,329,329.75,327.05,327.8,146464,0,1
2018-01-16,328,331.3,327.35,331,157454,0,1
2018-01-17,329.95,330.9,328.9,329.7,153076,0,1
2018-01-18,331.3,332.7,329.45,329.9,185605,0,1
2018-01-19,330.4,331.15,329.55,330.1,129624,0,1
2018-01-22,330,330.05,325.3,326.75,210088,0,1
2018-01-23,328.15,331.75,327.85,331.75,188578,0,1
2018-01-24,330.95,333.35,330.9,332.1,167301,0,1
2018-01-25,331.05,335.4,331,334.8,188793,0,1
2018-01-26,334.5,336.45,333.8,336.45,160110,0,1
2018-01-29,338.15,340.3,337.7,339,168773,0,1
2018-01-30,338.35,338.95,334,334.4,227738,0,1
2018-01-31,333.4,339.25,332.8,334.95,314920,0,1
2018-02-01,335.3,336.3,333.6,334.15,187135,0,1
2018-02-02,333.2,333.6,326.85,327.9,285376,0,1
2018-02-05,323.6,324.9,321.45,323.5,323737,0,1
2018-02-06,317.45,319.7,313.15,318.15,479841,0,1
2018-02-07,322,322.3,310,310,410300,0,1
2018-02-08,311.1,314.6,310,313,426761,0,1
2018-02-09,303.3,306.5,302.1,304.35,311355,0,1
2018-02-12,306.8,309.8,305.2,308.6,222493,0,1
2018-02-13,310.75,314.35,309.2,311.9,244196,0,1
2018-02-14,312.65,315.7,312.6,314.8,187845,0,1
2018-02-19,319.1,319.3,314.7,316.75,191573,0,1
2018-02-20,315.55,315.8,312.2,312.5,178143,0,1
2018-02-21,313,315.05,310.75,314.55,207218,0,1
2018-02-22,312.6,313.35,311,312.35,184635,0,1
2018-02-23,313.75,317.45,313.6,317.45,176970,0,1
2018-02-26,318.7,318.85,316.35,317.6,130300,0,1
2018-02-27,319.4,320.95,316.25,316.25,159147,0,1
2018-02-28,316.1,317.25,312.65,312.95,234401,0,1
2018-03-02,309.6,310.15,306.65,308.65,240641,0,1
2018-03-05,307.7,308.6,304.05,304.35,254932,0,1
2018-03-06,307.15,310.8,306.75,310.8,236548,0,1
2018-03-07,311.55,314.1,308.8,310.95,309566,0,1
2018-03-08,313.7,314.2,310.9,314.1,215746,0,1
2018-03-09,316.25,321.3,315.35,318.25,249589,0,1
2018-03-12,321.85,322.55,320.15,321.25,173124,0,1
2018-03-13,321.35,323.15,320.8,322.65,150693,0,1
2018-03-14,320.3,322.8,320.25,322.7,160709,0,1
2018-03-15,323.4,324.1,320.35,324,196800,0,1
2018-03-16,323.2,323.95,320.8,323.15,181841,0,1
2018-03-19,322.8,323.2,320.15,321,178434,0,1
2018-03-20,319,322.45,318.3,322.45,168215,0,1
2018-03-21,322.35,323.35,321.8,322.75,124225,0,1
2018-03-22,322.75,325.5,322.4,323.25,201840,0,1
2018-03-23,316.55,317.8,311.8,312.65,283709,0,1
2018-03-26,311.7,315.65,310.1,315.65,245500,0,1
2018-03-27,317.3,317.7,315.7,316.3,189491,0,1
2018-03-28,312.85,313.25,310.55,311.8,247194,0,1
2018-03-29,312.95,315.6,311.55,315.6,224236,0,1
2018-03-30,317.15,318,315.4,315.7,141527,0,1
2018-04-02,315.7,318.1,314.6,314.6,154179,0,1
2018-04-03,312.1,314.3,311,313.95,209781,0,1
2018-04-04,314.65,314.7,308.7,308.7,205746,0,1
2018-04-05,311.75,315.1,311.05,314.1,226723,0,1
2018-04-06,311.75,312.95,310.3,312.35,239901,0,1
2018-04-09,311.75,314.7,311.4,314.1,192181,0,1
2018-04-10,313,315.5,310.3,314.6,260101,0,1
2018-04-11,314.85,315.85,313.2,313.6,189363,0,1
2018-04-12,314.75,315.35,312.85,312.9,235203,0,1
2018-04-13,314.3,315.95,313.85,315.6,162527,0,1
2018-04-16,317.15,317.4,314.75,315.45,147994,0,1
2018-04-17,315.8,316.95,314.7,315.55,148866,0,1
2018-04-18,317.3,319.95,317.1,318.75,177484,0,1
2018-04-19,320,321.2,319.2,320.15,140408,0,1
2018-04-20,318.5,319.8,318,318.05,151585,0,1
2018-04-23,317.7,318.8,317.1,318.25,143987,0,1
2018-04-24,318.7,318.8,314.9,316.5,194208,0,1
2018-04-25,314,314.75,312.65,314.1,187919,0,1
2018-04-26,315.3,319.5,315.1,318.6,214615,0,1
2018-04-27,321.5,323.4,320.05,321.3,207601,0,1
2018-04-30,322.5,323.45,321.6,322.8,112744,0,1
2018-05-02,322.25,322.8,320.35,320.9,135377,0,1
2018-05-03,320.1,320.8,318.6,319.15,149059,0,1
2018-05-04,319.8,320.15,317.05,317.6,189745,0,1
2018-05-08,318.5,319.3,315.2,315.2,183606,0,1
2018-05-09,315.7,316.25,312.8,315.2,238034,0,1
2018-05-10,316.35,317.3,315.45,317,193409,0,1
2018-05-11,318.5,319.95,318,318.8,150967,0,1
2018-05-14,319.25,319.75,317.5,318,119497,0,1
2018-05-15,317.5,318.5,314.7,314.9,142659,0,1
2018-05-16,313.9,316.95,313.65,316.05,162424,0,1
2018-05-17,317.35,318.15,314.55,314.55,150140,0,1
2018-05-18,315.5,316,314.8,315.9,102343,0,1
2018-05-21,316.15,317.3,313.65,316.25,150538,0,1
2018-05-23,316.2,318.75,315.85,318.3,148783,0,1
2018-05-24,319,319.3,316.55,317.7,149010,0,1
2018-05-25,315.95,318.75,315.75,318.45,146494,0,1
2018-05-28,319.2,319.8,318.5,319.25,120872,0,1
2018-05-29,318.75,319.3,316.05,316.05,154793,0,1
2018-05-30,314.8,315,307.55,308.7,285881,0,1
2018-05-31,311,311.2,309.3,310.3,171855,0,1
2018-06-01,310.3,313.65,309.45,312.55,178208,0,1
2018-06-04,313,314.9,312.55,314.3,131455,0,1
2018-06-05,314.2,315.15,312.25,314.9,160771,0,1
2018-06-07,316.75,318.7,316.3,318,174342,0,1
2018-06-08,316.6,317.15,314.15,314.45,173524,0,1
2018-06-11,314.85,317.3,314.2,317.3,146927,0,1
2018-06-12,317.85,318.5,316.2,316.8,206387,0,1
2018-06-14,315,315.1,311.15,311.55,164171,0,1
2018-06-15,312.2,312.2,308.9,309.2,171552,0,1
2018-06-18,309.5,309.55,304.2,305.85,183850,0,1
2018-06-19,305,305.85,300.85,301.35,226932,0,1
2018-06-20,302.85,305.65,301.8,304.2,249711,0,1
2018-06-21,303.7,304.85,300.55,300.75,219760,0,1
2018-06-22,298.2,303.65,298.05,303.65,220667,0,1
2018-06-25,303.15,304,300.2,303.25,282402,0,1
2018-06-26,300.3,303.7,299.4,302.4,287685,0,1
2018-06-27,301.85,303.85,301.55,301.55,244102,0,1
2018-06-28,300.8,301.6,298.3,299.1,275200,0,1
2018-06-29,299.45,300.55,296.25,300,283599,0,1
2018-07-02,299,300.1,292.85,292.9,283808,0,1
2018-07-03,295.15,295.2,291.3,293.75,354168,0,1
2018-07-04,293.75,294.9,292.25,292.55,262936,0,1
2018-07-05,292.5,293.9,290.2,292,307827,0,1
2018-07-06,291.5,295.25,290.6,293.6,313350,0,1
2018-07-09,294.25,297.2,293,296.25,263612,0,1
2018-07-10,297.2,298.4,296.4,296.95,172124,0,1
2018-07-11,294.2,295.7,292.05,295.3,289349,0,1
2018-07-12,295.65,297.35,294.25,296,275237,0,1
2018-07-13,296,299.75,296,299.1,224319,0,1
2018-07-16,299.2,299.95,297.75,298.2,149559,0,1
2018-07-17,297.95,298.75,296.2,297.35,195358,0,1
2018-07-18,299.25,300.6,296.55,297.05,184707,0,1
2018-07-19,298.3,298.5,295.9,296.05,194370,0,1
2018-07-20,296.5,298.05,294.5,297.5,322361,0,1
2018-07-23,297.5,297.55,294.65,295.4,244994,0,1
2018-07-24,295.55,296.7,294.05,296.25,201396,0,1
2018-07-25,296.7,297.9,295.25,295.5,189749,0,1
2018-07-26,297.1,298.8,295.9,297.5,193236,0,1
2018-07-27,298.1,298.55,296.95,298.55,132805,0,1
2018-07-30,297.4,298.55,296.4,297.8,170400,0,1
2018-07-31,297.75,298.3,296.8,297.95,159937,0,1
2018-08-01,298.55,300.35,298.5,299.35,189857,0,1
2018-08-02,299.2,299.25,293.35,293.5,275305,0,1
2018-08-03,294.7,296.15,293.75,295.8,181750,0,1
2018-08-06,296.3,297.8,295.55,295.8,192013,0,1
2018-08-07,296.1,297.9,294.7,297.9,173403,0,1
2018-08-08,298.1,298.75,297.25,297.7,163365,0,1
2018-08-09,297.65,297.95,296.1,297.55,218393,0,1
2018-08-10,296.6,296.9,293.55,294.05,233558,0,1
2018-08-13,292.15,292.5,288.7,290.55,226806,0,1
2018-08-14,290.6,292.1,290.2,291.7,180919,0,1
2018-08-16,287.15,289.55,285.95,288.35,305864,0,1
2018-08-17,288.35,289.55,287.95,288.6,144451,0,1
2018-08-20,289.85,291.3,288.5,289.05,195325,0,1
2018-08-21,288.6,292.5,288.1,292.5,202805,0,1
2018-08-22,292.65,293.9,291.85,293.35,185721,0,1
2018-08-23,294.6,294.65,292.65,294.15,146688,0,1
2018-08-24,293.8,296.1,292.65,295.5,194222,0,1
2018-08-27,296.7,297.5,295.5,297.1,155320,0,1
2018-08-28,298.4,299.05,297.05,297.45,162059,0,1
2018-08-29,297.75,298.4,297.05,298,136660,0,1
2018-08-30,298.25,299.95,297.35,298.3,199152,0,1
2018-08-31,296.9,299.55,296.2,299.55,195987,0,1
2018-09-03,299,299.15,297.05,297.45,176683,0,1
2018-09-04,297.65,299.15,296.9,298.95,179884,0,1
2018-09-05,297.85,298.4,294.4,294.7,231495,0,1
2018-09-06,294.3,295.9,293.75,294.5,219435,0,1
2018-09-07,292.75,293.95,290.75,293.1,335081,0,1
2018-09-10,292.6,294.1,292.3,293.55,228599,0,1
2018-09-11,293.1,294.65,291.5,292.45,272837,0,1
2018-09-12,292.7,293.25,291.05,292.65,214306,0,1
2018-09-13,292.7,293.5,291.95,292.15,149433,0,1
2018-09-14,295.45,298.15,295.3,298.05,242623,0,1
2018-09-17,297,297.1,294.55,295.25,151404,0,1
2018-09-18,293.65,296.95,293.2,296.85,217883,0,1
2018-09-19,297.9,297.95,295.75,297.05,181930,0,1
2018-09-20,297.75,300.85,297.35,299.65,234582,0,1
2018-09-21,300.45,301.15,299.4,301,203338,0,1
2018-09-27,300.05,303.7,300,303.15,213274,0,1
2018-09-28,303.3,303.6,301.2,301.6,181564,0,1
2018-10-01,302.1,302.7,300.05,301.05,201506,0,1
2018-10-02,300.7,301.8,297.25,297.6,235777,0,1
2018-10-04,297.6,297.75,292.15,292.55,298116,0,1
2018-10-05,292.2,293.35,290.3,291.9,303146,0,1
2018-10-08,290.75,293.05,290.55,290.8,239284,0,1
2018-10-10,291.35,291.45,287.75,288.8,333398,0,1
2018-10-11,281.05,283.4,275.55,275.55,589063,0,1
2018-10-12,276.75,281.8,276.25,280.2,413786,0,1
2018-10-15,279.45,279.6,277.2,277.9,331123,0,1
2018-10-16,278.9,280.1,276.8,277.65,265126,0,1
2018-10-17,281,282.5,279.65,281.2,264576,0,1
2018-10-18,279.6,280.6,278,278.25,247676,0,1
2018-10-19,276.4,279.7,274.5,279.2,345662,0,1
2018-10-22,277.2,280.6,276.65,279.9,275539,0,1
2018-10-23,277.7,278.1,271.6,273.15,380775,0,1
2018-10-24,275.3,275.3,271.55,272.05,357956,0,1
2018-10-25,266.2,267.85,263.75,267.7,433284,0,1
2018-10-26,267.8,268.05,260.95,263.45,520866,0,1
2018-10-29,264.65,266.1,260.55,260.55,416919,0,1
2018-10-30,260.3,265.4,259.7,262.75,388213,0,1
2018-10-31,263.75,264.6,261.5,264.1,311705,0,1
2018-11-01,264.3,267.55,262.8,263.6,333194,0,1
2018-11-02,266.45,273.3,266,272.85,390238,0,1
2018-11-05,270.75,271.15,266.9,270.05,320853,0,1
2018-11-06,271.6,272.35,268.95,272.05,296249,0,1
2018-11-07,271.55,274.35,269.9,270.75,410694,0,1
2018-11-08,275,276.6,272.35,273.05,284451,0,1
2018-11-09,272.6,273.8,271.1,271.5,254775,0,1
2018-11-12,269.2,272.5,268.7,272.1,182963,0,1
2018-11-13,267.95,270.2,265.05,269.4,321797,0,1
2018-11-14,269.9,270.3,268.3,269.3,182857,0,1
2018-11-15,268.7,272.3,267.9,272.1,249002,0,1
2018-11-16,272.9,273.6,271.25,271.7,244104,0,1
2018-11-19,271.8,274.4,271.25,272.6,209419,0,1
2018-11-20,269.65,271.1,269,269.6,217123,0,1
2018-11-21,266.2,268.8,265.5,268.55,235229,0,1
2018-11-22,268.5,269.4,267.7,268.4,149030,0,1
2018-11-23,268,268.85,265.25,266.4,204281,0,1
2018-11-26,267.1,270.5,266.8,270.5,215370,0,1
2018-11-27,270.95,272.75,269.45,272.45,186709,0,1
2018-11-28,273,274,271.7,274,166469,0,1
2018-11-29,277.7,278,273.75,274.3,251071,0,1
2018-11-30,275.35,275.5,271.05,271.6,224070,0,1
2018-12-03,275.55,277.2,273.8,276.4,229860,0,1
2018-12-04,275.15,275.75,272.05,273.75,222921,0,1
2018-12-05,269.9,272.75,269.7,271.9,248531,0,1
2018-12-06,270,270.4,267.05,267.4,261118,0,1
2018-12-07,268.7,269.75,267.35,268.5,225591,0,1
2018-12-10,264.75,266.55,264,265.4,277678,0,1
2018-12-11,266.5,266.5,264.3,265.15,229941,0,1
2018-12-12,266.25,269.1,265.75,268.8,232573,0,1
2018-12-13,269.45,271.1,268.3,270.05,212052,0,1
2018-12-14,266.95,267.2,261.35,262.7,244613,0,1
2018-12-17,263.2,264.5,263.05,263.65,145836,0,1
2018-12-18,261.5,264,261.5,262.55,207931,0,1
2018-12-19,263.4,264.7,262.65,264.45,162682,0,1
2018-12-20,262.75,263.3,260.2,261.45,264081,0,1
2018-12-21,261.3,262,260.35,261.65,138490,0,1
2018-12-24,261,261.6,259.8,261.55,129083,0,1
2018-12-26,257.9,259.5,256.15,257.3,247208,0,1
2018-12-27,261.45,262.35,260.4,261.45,219152,0,1
2018-12-28,261.7,263.5,261.5,262,214909,0,1
2019-01-02,264.3,264.75,258.3,258.85,231533,0,1
2019-01-03,258.85,259.5,256.2,256.6,216372,0,1
2019-01-04,256.5,258.95,255.6,258.85,295937,0,1
2019-01-07,262,264.25,261.55,262.8,246423,0,1
2019-01-08,262.4,263.25,260.35,260.75,207506,0,1
2019-01-09,261.3,266.95,261.25,266.05,283266,0,1
2019-01-10,266.2,267.45,265.2,265.8,241839,0,1
2019-01-11,267.4,268.35,266.05,267.95,210680,0,1
2019-01-14,266.95,267.3,265,265.4,160676,0,1
2019-01-15,266.6,271,266.05,270.85,235300,0,1
2019-01-16,270.25,272.1,269.7,272.1,174167,0,1
2019-01-17,272.45,273.65,271.35,272.35,230594,0,1
2019-01-18,273.9,274.85,273.2,274.75,180673,0,1
2019-01-21,276.5,276.55,273,274.8,234544,0,1
2019-01-22,274.9,275.35,272.25,273.1,195955,0,1
2019-01-23,272,275.4,271.95,274.8,207077,0,1
2019-01-24,274.8,277.15,274.25,277.1,238051,0,1
2019-01-25,277.9,282.5,277.55,282.4,278163,0,1
2019-01-28,282.45,284.1,281.15,282.15,221900,0,1
2019-01-29,281.65,283.65,280.35,283.55,240461,0,1
2019-01-30,283.6,287.6,282.95,287.6,303624,0,1
2019-01-31,290,290.35,286.4,286.95,332755,0,1
2019-02-01,287.8,289.05,285.9,286.3,243031,0,1
2019-02-07,288.05,288.25,285.3,286,236800,0,1
2019-02-08,284.5,284.8,281.5,281.9,260450,0,1
2019-02-11,282.2,282.65,280.6,282.65,183024,0,1
2019-02-12,282.4,284.8,282.05,284.3,242054,0,1
2019-02-13,285.4,285.85,284.6,285.7,204324,0,1
2019-02-14,284.45,288.45,283.2,288.35,276506,0,1
2019-02-15,286.8,287.15,283.35,284.15,256806,0,1
2019-02-18,286,287.6,285.35,286.75,191251,0,1
2019-02-19,286.05,286.65,283.5,285.65,254460,0,1
2019-02-20,287.05,289.75,286.35,288.4,254582,0,1
2019-02-21,287.5,289.75,286.4,288.6,246895,0,1
2019-02-22,288.25,289.05,287,288.75,187609,0,1
2019-02-25,290.3,290.8,288.2,289.55,194893,0,1
2019-02-26,288.9,289.5,287.5,287.75,192025,0,1
2019-02-27,289.3,289.8,288.4,288.45,138798,0,1
2019-02-28,288.55,289,283.8,283.85,279773,0,1
2019-03-04,286.1,287.15,282.6,282.6,241109,0,1
2019-03-05,281.5,282.15,279.75,280.7,220584,0,1
2019-03-06,280.6,280.65,279.25,280.5,191423,0,1
2019-03-07,279.75,281.15,277.9,278.9,219327,0,1
2019-03-08,277.35,278.1,274.9,275.05,214244,0,1
2019-03-11,275.4,276.15,274.25,275.25,186977,0,1
2019-03-12,277.2,278.7,277.1,278,191422,0,1
2019-03-13,277.05,277.2,273.95,275.7,241475,0,1
2019-03-14,276.7,277.5,274.7,276.45,209993,0,1
2019-03-15,276.9,281.5,276.8,280.75,257015,0,1
2019-03-18,281.35,281.6,280.05,280.75,122497,0,1
2019-03-19,280.9,281.3,279.45,280.55,146543,0,1
2019-03-20,280,280.95,277.2,280.9,185672,0,1
2019-03-21,281.65,285.2,281.3,282.8,254093,0,1
2019-03-22,284.2,285,282.75,283.35,185003,0,1
2019-03-25,279.3,280,277.7,277.8,185711,0,1
2019-03-26,278.8,278.9,277.55,278,153680,0,1
2019-03-27,277,278.75,275.4,278,214871,0,1
2019-03-28,275.95,277.25,274.9,276.4,180507,0,1
2019-03-29,276.6,277.95,275.6,277.2,171986,0,1
2019-04-01,279.4,281.85,279.25,281.45,154277,0,1
2019-04-02,282.2,283.4,281.95,282.5,141881,0,1
2019-04-03,282.95,287.05,282.2,286.85,224207,0,1
2019-04-04,286.65,289.05,286.3,287.3,205342,0,1
2019-04-05,287.5,288.7,286.95,288,150988,0,1
2019-04-08,289,289.15,286.2,287.25,194598,0,1
2019-04-09,287.6,289.05,286.4,287.75,210127,0,1
2019-04-10,286.65,289.25,286.3,289.2,185356,0,1
2019-04-11,289.5,289.7,287.45,288.3,230668,0,1
2019-04-12,287.9,289.8,286.8,289.45,171028,0,1
2019-04-15,290.05,291.8,290,290.75,170389,0,1
2019-04-16,290.15,291.7,289.8,291.65,152900,0,1
2019-04-17,291.65,292.1,290.85,291.55,155890,0,1
2019-04-18,291.75,291.9,286.25,286.5,224256,0,1
2019-04-19,287.75,288.35,286.55,286.55,115892,0,1
2019-04-22,287.1,288.45,285.35,286.5,163856,0,1
2019-04-23,286.85,287.65,286,287,146008,0,1
2019-04-24,288.45,288.45,282.6,284.25,240227,0,1
2019-04-25,283.5,284.9,282.75,283.25,158356,0,1
2019-04-26,282.2,282.95,280.3,281.75,238752,0,1
2019-04-29,282.45,287.65,282.3,287.65,213096,0,1
2019-04-30,287.15,287.35,283.2,285.4,246545,0,1
2019-05-02,284,287.5,283.45,286.85,206795,0,1
2019-05-03,286.6,286.65,283.5,283.95,192158,0,1
2019-05-07,281,282.05,279.1,281.8,266229,0,1
2019-05-08,278.05,282.1,277.95,280.15,254849,0,1
2019-05-09,279.2,279.75,270.25,272.25,399129,0,1
2019-05-10,272.2,274.6,269.9,271.95,476697,0,1
2019-05-13,269.55,271.65,268.85,269.05,235745,0,1
2019-05-14,266,270.65,266,268.65,287022,0,1
2019-05-15,268.85,271.1,267.55,270.2,217661,0,1
2019-05-16,269.5,269.8,265.65,266.35,277585,0,1
2019-05-17,267.95,268.25,264.1,264.8,239955,0,1
2019-05-20,266.1,267.8,264.65,265.3,231280,0,1
2019-05-21,264.7,268.7,264.65,266.65,259747,0,1
2019-05-22,267.4,267.7,264.05,267.2,293676,0,1
2019-05-23,266.75,267.2,264.6,266.15,224542,0,1
2019-05-24,265.45,266.45,263.25,264.95,251964,0,1
2019-05-27,264.35,266,263.35,264.5,190886,0,1
2019-05-28,264.5,266.1,263.5,264.9,219687,0,1
2019-05-29,264,264.4,260.2,261.1,295079,0,1
2019-05-30,262.2,264.3,261.75,264.3,224919,0,1
2019-05-31,263,265.15,261.55,263.5,282643,0,1
2019-06-03,262.95,268.05,261.9,268.05,265680,0,1
2019-06-04,267.8,268.15,266.5,267.05,203783,0,1
2019-06-05,269.55,270.35,267.2,267.95,205403,0,1
2019-06-07,267.75,269.75,265.8,267.6,268831,0,1
2019-06-10,269.7,272.25,268.4,271.7,284775,0,1
2019-06-11,271.25,273.55,270.85,273.15,259533,0,1
2019-06-12,273.25,274.15,272,272.15,242137,0,1
2019-06-13,271.75,272.5,268.15,272,299593,0,1
2019-06-14,270.05,271.6,268.6,269.95,206174,0,1
2019-06-17,269.7,271.65,269.25,270.25,177354,0,1
2019-06-18,269.55,272.05,269.55,271.65,181819,0,1
2019-06-19,274.7,275.75,274.15,274.85,183341,0,1
2019-06-20,275.3,276.25,274.55,276.1,175404,0,1
2019-06-21,276.15,276.4,274.7,275.7,182450,0,1
2019-06-24,276.05,276.8,275.25,275.7,161508,0,1
2019-06-25,275.45,277.1,274.2,275.05,223198,0,1
2019-06-26,274.9,276.35,274.75,275.75,173381,0,1
2019-06-27,276.5,279.45,275.8,279.2,246155,0,1
2019-06-28,278.85,279.4,277.5,278.4,160176,0,1
2019-07-01,280.85,281,277.75,278.1,219512,0,1
2019-07-02,276.1,278.3,275.4,277,204134,0,1
2019-07-03,276.5,277.4,272.65,273,248426,0,1
2019-07-04,273.4,275.55,272.65,275.55,212015,0,1
2019-07-05,275.35,276.05,273.2,274.85,233846,0,1
2019-07-08,272.7,272.85,269,269.2,328406,0,1
2019-07-09,270,270.9,268,268,269141,0,1
2019-07-10,270.15,270.95,269.45,269.65,219852,0,1
2019-07-11,270.85,273.75,270.85,273,308443,0,1
2019-07-12,272.95,273.95,272,273.45,164378,0,1
2019-07-15,272.7,274,271.7,273.5,139368,0,1
2019-07-16,273.5,275.15,272.8,274.7,202651,0,1
2019-07-17,273.35,273.55,271.05,271.85,178415,0,1
2019-07-18,271.25,272.3,270.3,271.1,192284,0,1
2019-07-19,272.95,275.85,272.85,275.15,201231,0,1
2019-07-22,274.25,276,274.05,275.15,152653,0,1
2019-07-23,275.65,277.3,275.2,276.45,164030,0,1
2019-07-24,276,277.1,273.35,274.05,179468,0,1
2019-07-25,275,275.05,271.8,273.8,209773,0,1
2019-07-26,271.9,272.9,271.25,272.55,160280,0,1
2019-07-29,272.1,272.3,267.75,268.4,268322,0,1
2019-07-30,269.05,270.3,268.9,269.4,147129,0,1
2019-07-31,268.9,269.8,265.75,266.85,283982,0,1
2019-08-01,264.75,267.85,264.65,266.2,211640,0,1
2019-08-02,263,264,261.95,263.15,241669,0,1
2019-08-05,261.4,261.85,256.95,256.95,345171,0,1
2019-08-06,251.1,257.15,250.9,253.65,482032,0,1
2019-08-07,253.6,255,251.4,253,328043,0,1
2019-08-08,254.5,255.6,252.5,253.6,373831,0,1
2019-08-09,255,256.3,254.55,255.25,176233,0,1
2019-08-12,255.35,256.4,254.45,255.45,138786,0,1
2019-08-13,253.6,254.6,252.05,252.05,199411,0,1
2019-08-14,255.6,256.95,254.65,255.2,199970,0,1
2019-08-16,252.65,254.05,251.5,254.05,200117,0,1
2019-08-19,255.4,255.9,254.3,255.75,127029,0,1
2019-08-20,255,258.5,254.85,258,185448,0,1
2019-08-21,257.3,259.45,257.15,258.4,150041,0,1
2019-08-22,258.6,258.7,256.2,256.4,196333,0,1
2019-08-23,255.15,256.9,255.05,256.35,158720,0,1
2019-08-26,251.5,253.15,250.95,252.6,213193,0,1
2019-08-27,253.2,254.9,252.75,254,174349,0,1
2019-08-28,254.6,255.95,253.65,255.85,176842,0,1
2019-08-29,255.8,256.05,253.7,254.2,192849,0,1
2019-08-30,256.2,259.65,256.2,259.15,201261,0,1
2019-09-02,258.1,259.75,257.95,259.35,130644,0,1
2019-09-03,258.15,259.75,257.55,257.95,161339,0,1
2019-09-04,257.85,262.1,257.6,261.9,193596,0,1
2019-09-05,262.3,266.1,262.1,264.7,244849,0,1
2019-09-06,265.8,266.2,264.8,265.75,167072,0,1
2019-09-09,266.3,268.7,265.9,267.65,227541,0,1
2019-09-10,267.85,269.05,267.4,268.8,177353,0,1
2019-09-11,270.3,271.45,269.55,271.3,183458,0,1
2019-09-16,272,272.1,269.85,272.05,177463,0,1
2019-09-17,271.65,272.35,270.9,271.75,131939,0,1
2019-09-18,272.35,273.75,271.15,273.35,148074,0,1
2019-09-19,273.05,276.2,272.8,275.05,192965,0,1
2019-09-20,274.9,276.75,274.4,276.6,148054,0,1
2019-09-23,276.2,277.1,275.75,276.9,127315,0,1
2019-09-24,276.7,278.4,275.75,278.25,165377,0,1
2019-09-25,276.85,277.25,274.35,274.55,187319,0,1
2019-09-26,275.45,276.55,273.6,275.1,185648,0,1
2019-09-27,274.1,274.15,271.1,271.75,184900,0,1
2019-09-30,271.2,274.5,270.7,274.15,177982,0,1
2019-10-01,273.75,276.15,273.5,275.2,166661,0,1
2019-10-02,272.75,272.95,268.55,268.65,227622,0,1
2019-10-04,267.95,270.75,267.45,267.45,228592,0,1
2019-10-07,269.4,270.25,267.5,268.7,187980,0,1
2019-10-08,268.85,272.5,268.7,272.25,230313,0,1
2019-10-10,268.2,271.3,266.55,270.35,343262,0,1
2019-10-11,272.5,273.15,271.1,272.3,162314,0,1
2019-10-14,275.3,276.25,274.6,274.8,142681,0,1
2019-10-15,274.6,275.6,274.3,275.35,130486,0,1
2019-10-16,276.7,278.15,275.8,276.95,208619,0,1
2019-10-17,277.35,277.4,275.25,275.8,142532,0,1
2019-10-18,276.45,277.6,272.95,273.4,191000,0,1
2019-10-21,273.9,274.75,273.4,274.55,120397,0,1
2019-10-22,276,278.7,275.65,278.2,189374,0,1
2019-10-23,277.5,278,275.95,276.65,151683,0,1
2019-10-24,277.8,278.1,274.9,277.6,183596,0,1
2019-10-25,277.9,278.3,276.25,277.3,138245,0,1
2019-10-28,279,279.9,277.85,278.45,131009,0,1
2019-10-29,279.8,279.95,277.4,277.8,126860,0,1
2019-10-30,278.1,278.25,275.4,275.7,187638,0,1
2019-10-31,277.45,279.5,276.05,276.5,192683,0,1
2019-11-01,276.5,278.9,275.9,278.8,163649,0,1
2019-11-04,280.5,283.2,280.4,283.2,165428,0,1
2019-11-05,283.5,285,282.8,284.55,168319,0,1
2019-11-06,284.75,286.8,284.3,284.95,224240,0,1
2019-11-07,284.4,285.3,283.5,284.65,175752,0,1
2019-11-08,286.1,286.55,283.25,283.55,204233,0,1
2019-11-11,283.5,283.75,280.85,281.2,210081,0,1
2019-11-12,282.45,284.3,281.3,284.1,197472,0,1
2019-11-13,283,283.15,280.9,281.85,216491,0,1
2019-11-14,281.95,284.15,281.5,284,236148,0,1
2019-11-15,284.85,288.2,283.75,288.1,218401,0,1
2019-11-18,288,288.05,286.6,287.5,145842,0,1
2019-11-19,286.05,286.7,284.15,286.2,211003,0,1
2019-11-20,284.7,285.6,282.45,282.65,223715,0,1
2019-11-21,282.1,282.5,277.55,278.3,296614,0,1
2019-11-22,278.85,280.25,278.55,280,156547,0,1
2019-11-25,281.2,283.85,281.15,282.8,168671,0,1
2019-11-26,283.25,285.3,282.5,283.2,233416,0,1
2019-11-27,284,284.65,281.65,283.05,174499,0,1
2019-11-28,281.7,283,281.15,281.95,154500,0,1
2019-11-29,282.45,282.8,276.6,277.55,242440,0,1
2019-12-02,278.5,279.65,277.45,277.85,166235,0,1
2019-12-03,275.3,276.85,274,276.25,225486,0,1
2019-12-04,274.15,274.95,272.9,274.8,259502,0,1
2019-12-05,275.85,276.75,272.7,274.1,256841,0,1
2019-12-06,274.8,277.25,274.7,276.7,206468,0,1
2019-12-09,278,278.8,277.05,277.9,220594,0,1
2019-12-10,277.55,279.65,276.8,279.45,224375,0,1
2019-12-11,279.5,281,278.6,280.75,203826,0,1
2019-12-12,282.65,285.45,282.6,285,166492,0,1
2019-12-13,286.5,288,285.85,288,207034,0,1
2019-12-16,287.5,288.45,287.15,287.25,143994,0,1
2019-12-17,288.5,291.9,288.05,291.7,207835,0,1
2019-12-18,291.9,293.2,290.6,291.3,186076,0,1
2019-12-19,292.35,293.15,290.2,291.6,185173,0,1
2019-12-20,292.5,292.9,291.2,292.25,165963,0,1
2019-12-23,293.65,293.75,291.25,292,137309,0,1
2019-12-24,292.5,292.5,289.7,289.7,131903,0,1
2019-12-26,289.95,291.5,289.05,291.5,133662,0,1
2019-12-27,292.7,298.1,291.95,296.65,250624,0,1
2019-12-30,295.8,296.55,294.85,295.2,123514,0,1
